id,ndex,species,forme,type1,type2,hp,attack,defense,spattack,spdefense,speed,total,weight,height,pre-evolution,gen,post-evolution
1,1,Bulbasaur,Bulbasaur,Grass,Poison,45,49,49,65,65,45,318,6.9,71.1,,1,Ivysaur
2,2,Ivysaur,Ivysaur,Grass,Poison,60,62,63,80,80,60,405,13.0,99.1,Bulbasaur,1,Venusaur/Venusaur (Mega Venusaur)
3,3,Venusaur,Venusaur,Grass,Poison,80,82,83,100,100,80,525,100.0,200.7,Ivysaur,1, 
4,4,Charmander,Charmander,Fire,,39,52,43,60,50,65,309,8.5,61.0,,1,Charmeleon
5,5,Charmeleon,Charmeleon,Fire,,58,64,58,80,65,80,405,19.0,109.2,Charmander,1,Charizard/Charizard (Mega Charizard X)/Charizard (Mega Charizard Y)
6,6,Charizard,Charizard,Fire,Flying,78,84,78,109,85,100,534,90.5,170.2,Charmeleon,1, 
7,7,Squirtle,Squirtle,Water,,44,48,65,50,64,43,314,9.0,50.8,,1,Wartortle
8,8,Wartortle,Wartortle,Water,,59,63,80,65,80,58,405,22.5,99.1,Squirtle,1,Blastoise/Blastoise (Mega Blastoise)
9,9,Blastoise,Blastoise,Water,,79,83,100,85,105,78,530,85.5,160.0,Wartortle,1, 
10,10,Caterpie,Caterpie,Bug,,45,30,35,20,20,45,195,2.9,30.5,,1,Metapod
11,11,Metapod,Metapod,Bug,,50,20,55,25,25,30,205,9.9,71.1,Caterpie,1,Butterfree
12,12,Butterfree,Butterfree,Bug,Flying,60,45,50,90,80,70,395,32.0,109.2,Metapod,1, 
13,13,Weedle,Weedle,Bug,Poison,40,35,30,20,20,50,195,3.2,30.5,,1,Kakuna
14,14,Kakuna,Kakuna,Bug,Poison,45,25,50,25,25,35,205,10.0,61.0,Weedle,1,Beedrill/Beedrill (Mega Beedrill)
15,15,Beedrill,Beedrill,Bug,Poison,65,90,40,45,80,75,395,29.5,99.1,Kakuna,1, 
16,16,Pidgey,Pidgey,Normal,Flying,40,45,40,35,35,56,251,1.8,30.5,,1,Pidgeotto
17,17,Pidgeotto,Pidgeotto,Normal,Flying,63,60,55,50,50,71,349,30.0,109.2,Pidgey,1,Pidgeot/Pidgeot (Mega Pidgeot)
18,18,Pidgeot,Pidgeot,Normal,Flying,83,80,75,70,70,101,479,39.5,149.9,Pidgeotto,1, 
19,19,Rattata,Rattata,Normal,,30,56,35,25,35,72,253,3.5,30.5,,1,Raticate/Raticate (Alola Form)
20,20,Raticate,Raticate,Normal,,55,81,60,50,70,97,413,18.5,71.1,Rattata,1, 
21,21,Spearow,Spearow,Normal,Flying,40,60,30,31,31,70,262,2.0,30.5,,1,Fearow
22,22,Fearow,Fearow,Normal,Flying,65,90,65,61,61,100,442,38.0,119.4,Spearow,1, 
23,23,Ekans,Ekans,Poison,,35,60,44,40,54,55,288,6.9,200.7,,1,Arbok
24,24,Arbok,Arbok,Poison,,60,95,69,65,79,80,448,65.0,350.5,Ekans,1, 
25,25,Pikachu,Pikachu,Electric,,35,55,40,50,50,90,320,6.0,40.6,Pichu,1,Raichu/Raichu (Alola Form)
26,26,Raichu,Raichu,Electric,,60,90,55,90,80,110,485,30.0,78.7,Pikachu,1, 
27,27,Sandshrew,Sandshrew,Ground,,50,75,85,20,30,40,300,12.0,61.0,,1,Sandslash
28,28,Sandslash,Sandslash,Ground,,75,100,110,45,55,65,450,29.5,99.1,Sandshrew,1, 
29,29,Nidoran♀,Nidoran♀,Poison,,55,47,52,40,40,41,275,7.0,40.6,,1,Nidorina
30,30,Nidorina,Nidorina,Poison,,70,62,67,55,55,56,365,20.0,78.7,Nidoran♀,1,Nidoqueen
31,31,Nidoqueen,Nidoqueen,Poison,Ground,90,92,87,75,85,76,505,60.0,129.5,Nidorina,1, 
32,32,Nidoran♂,Nidoran♂,Poison,,46,57,40,40,40,50,273,9.0,50.8,,1,Nidorino
33,33,Nidorino,Nidorino,Poison,,61,72,57,55,55,65,365,19.5,88.9,Nidoran♂,1,Nidoking
34,34,Nidoking,Nidoking,Poison,Ground,81,102,77,85,75,85,505,62.0,139.7,Nidorino,1, 
35,35,Clefairy,Clefairy,Fairy,,70,45,48,60,65,35,323,7.5,61.0,Cleffa,1,Clefable
36,36,Clefable,Clefable,Fairy,,95,70,73,95,90,60,483,40.0,129.5,Clefairy,1, 
37,37,Vulpix,Vulpix,Fire,,38,41,40,50,65,65,299,9.9,61.0,,1,Ninetales
38,38,Ninetales,Ninetales,Fire,,73,76,75,81,100,100,505,19.9,109.2,Vulpix,1, 
39,39,Jigglypuff,Jigglypuff,Normal,Fairy,115,45,20,45,25,20,270,5.5,50.8,Igglybuff,1,Wigglytuff
40,40,Wigglytuff,Wigglytuff,Normal,Fairy,140,70,45,85,50,45,435,12.0,99.1,Jigglypuff,1, 
41,41,Zubat,Zubat,Poison,Flying,40,45,35,30,40,55,245,7.5,78.7,,1,Golbat
42,42,Golbat,Golbat,Poison,Flying,75,80,70,65,75,90,455,55.0,160.0,Zubat,1,Crobat
43,43,Oddish,Oddish,Grass,Poison,45,50,55,75,65,30,320,5.4,50.8,,1,Gloom
44,44,Gloom,Gloom,Grass,Poison,60,65,70,85,75,40,395,8.6,78.7,Oddish,1,Vileplume/Bellossom
45,45,Vileplume,Vileplume,Grass,Poison,75,80,85,110,90,50,490,18.6,119.4,Gloom,1, 
46,46,Paras,Paras,Bug,Grass,35,70,55,45,55,25,285,5.4,30.5,,1,Parasect
47,47,Parasect,Parasect,Bug,Grass,60,95,80,60,80,30,405,29.5,99.1,Paras,1, 
48,48,Venonat,Venonat,Bug,Poison,60,55,50,40,55,45,305,30.0,99.1,,1,Venomoth
49,49,Venomoth,Venomoth,Bug,Poison,70,65,60,90,75,90,450,12.5,149.9,Venonat,1, 
50,50,Diglett,Diglett,Ground,,10,55,25,35,45,95,265,0.8,20.3,,1,Dugtrio
51,51,Dugtrio,Dugtrio,Ground,,35,100,50,50,70,120,425,33.3,71.1,Diglett,1, 
52,52,Meowth,Meowth,Normal,,40,45,35,40,40,90,290,4.2,40.6,,1,Persian
53,53,Persian,Persian,Normal,,65,70,60,65,65,115,440,32.0,99.1,Meowth,1, 
54,54,Psyduck,Psyduck,Water,,50,52,48,65,50,55,320,19.6,78.7,,1,Golduck
55,55,Golduck,Golduck,Water,,80,82,78,95,80,85,500,76.6,170.2,Psyduck,1, 
56,56,Mankey,Mankey,Fighting,,40,80,35,35,45,70,305,28.0,50.8,,1,Primeape
57,57,Primeape,Primeape,Fighting,,65,105,60,60,70,95,455,32.0,99.1,Mankey,1, 
58,58,Growlithe,Growlithe,Fire,,55,70,45,70,50,60,350,19.0,71.1,,1,Arcanine
59,59,Arcanine,Arcanine,Fire,,90,110,80,100,80,95,555,155.0,190.5,Growlithe,1, 
60,60,Poliwag,Poliwag,Water,,40,50,40,40,40,90,300,12.4,61.0,,1,Poliwhirl
61,61,Poliwhirl,Poliwhirl,Water,,65,65,65,50,50,90,385,20.0,99.1,Poliwag,1,Poliwrath/Politoed
62,62,Poliwrath,Poliwrath,Water,Fighting,90,95,95,70,90,70,510,54.0,129.5,Poliwhirl,1, 
63,63,Abra,Abra,Psychic,,25,20,15,105,55,90,310,19.5,88.9,,1,Kadabra
64,64,Kadabra,Kadabra,Psychic,,40,35,30,120,70,105,400,56.5,129.5,Abra,1,Alakazam/Alakazam (Mega Alakazam)
65,65,Alakazam,Alakazam,Psychic,,55,50,45,135,95,120,500,48.0,149.9,Kadabra,1, 
66,66,Machop,Machop,Fighting,,70,80,50,35,35,35,305,19.5,78.7,,1,Machoke
67,67,Machoke,Machoke,Fighting,,80,100,70,50,60,45,405,70.5,149.9,Machop,1,Machamp
68,68,Machamp,Machamp,Fighting,,90,130,80,65,85,55,505,130.0,160.0,Machoke,1, 
69,69,Bellsprout,Bellsprout,Grass,Poison,50,75,35,70,30,40,300,4.0,71.1,,1,Weepinbell
70,70,Weepinbell,Weepinbell,Grass,Poison,65,90,50,85,45,55,390,6.4,99.1,Bellsprout,1,Victreebel
71,71,Victreebel,Victreebel,Grass,Poison,80,105,65,100,70,70,490,15.5,170.2,Weepinbell,1, 
72,72,Tentacool,Tentacool,Water,Poison,40,40,35,50,100,70,335,45.5,88.9,,1,Tentacruel
73,73,Tentacruel,Tentacruel,Water,Poison,80,70,65,80,120,100,515,55.0,160.0,Tentacool,1, 
74,74,Geodude,Geodude,Rock,Ground,40,80,100,30,30,20,300,20.0,40.6,,1,Graveler
75,75,Graveler,Graveler,Rock,Ground,55,95,115,45,45,35,390,105.0,99.1,Geodude,1,Golem
76,76,Golem,Golem,Rock,Ground,80,120,130,55,65,45,495,300.0,139.7,Graveler,1, 
77,77,Ponyta,Ponyta,Fire,,50,85,55,65,65,90,410,30.0,99.1,,1,Rapidash
78,78,Rapidash,Rapidash,Fire,,65,100,70,80,80,105,500,95.0,170.2,Ponyta,1, 
79,79,Slowpoke,Slowpoke,Water,Psychic,90,65,65,40,40,15,315,36.0,119.4,,1,Slowbro/Slowking/Slowbro (Mega Slowbro)
80,80,Slowbro,Slowbro,Water,Psychic,95,75,110,100,80,30,490,78.5,160.0,Slowpoke,1, 
81,81,Magnemite,Magnemite,Electric,Steel,25,35,70,95,55,45,325,6.0,30.5,,1,Magneton
82,82,Magneton,Magneton,Electric,Steel,50,60,95,120,70,70,465,60.0,99.1,Magnemite,1,Magnezone
83,83,Farfetch’d,Farfetch’d,Normal,Flying,52,90,55,58,62,60,377,15.0,78.7,,1, 
84,84,Doduo,Doduo,Normal,Flying,35,85,45,35,35,75,310,39.2,139.7,,1,Dodrio
85,85,Dodrio,Dodrio,Normal,Flying,60,110,70,60,60,100,460,85.2,180.3,Doduo,1, 
86,86,Seel,Seel,Water,,65,45,55,45,70,45,325,90.0,109.2,,1,Dewgong
87,87,Dewgong,Dewgong,Water,Ice,90,70,80,70,95,70,475,120.0,170.2,Seel,1, 
88,88,Grimer,Grimer,Poison,,80,80,50,40,50,25,325,30.0,88.9,,1,Muk/Muk (Alola Form)
89,89,Muk,Muk,Poison,,105,105,75,65,100,50,500,30.0,119.4,Grimer,1, 
90,90,Shellder,Shellder,Water,,30,65,100,45,25,40,305,4.0,30.5,,1,Cloyster
91,91,Cloyster,Cloyster,Water,Ice,50,95,180,85,45,70,525,132.5,149.9,Shellder,1, 
92,92,Gastly,Gastly,Ghost,Poison,30,35,30,100,35,80,310,0.1,129.5,,1,Haunter
93,93,Haunter,Haunter,Ghost,Poison,45,50,45,115,55,95,405,0.1,160.0,Gastly,1,Gengar/Gengar (Mega Gengar)
94,94,Gengar,Gengar,Ghost,Poison,60,65,60,130,75,110,500,40.5,149.9,Haunter,1, 
95,95,Onix,Onix,Rock,Ground,35,45,160,30,45,70,385,210.0,878.8,,1,Steelix/Steelix (Mega Steelix)
96,96,Drowzee,Drowzee,Psychic,,60,48,45,43,90,42,328,32.4,99.1,,1,Hypno
97,97,Hypno,Hypno,Psychic,,85,73,70,73,115,67,483,75.6,160.0,Drowzee,1, 
98,98,Krabby,Krabby,Water,,30,105,90,25,25,50,325,6.5,40.6,,1,Kingler
99,99,Kingler,Kingler,Water,,55,130,115,50,50,75,475,60.0,129.5,Krabby,1, 
100,100,Voltorb,Voltorb,Electric,,40,30,50,55,55,100,330,10.4,50.8,,1,Electrode
101,101,Electrode,Electrode,Electric,,60,50,70,80,80,150,490,66.6,119.4,Voltorb,1, 
102,102,Exeggcute,Exeggcute,Grass,Psychic,60,40,80,60,45,40,325,2.5,40.6,,1,Exeggutor/Exeggutor (Alola Form)
103,103,Exeggutor,Exeggutor,Grass,Psychic,95,95,85,125,75,55,530,120.0,200.7,Exeggcute,1, 
104,104,Cubone,Cubone,Ground,,50,50,95,40,50,35,320,6.5,40.6,,1,Marowak/Marowak (Alola Form)
105,105,Marowak,Marowak,Ground,,60,80,110,50,80,45,425,45.0,99.1,Cubone,1, 
106,106,Hitmonlee,Hitmonlee,Fighting,,50,120,53,35,110,87,455,49.8,149.9,Tyrogue,1, 
107,107,Hitmonchan,Hitmonchan,Fighting,,50,105,79,35,110,76,455,50.2,139.7,Tyrogue,1, 
108,108,Lickitung,Lickitung,Normal,,90,55,75,60,75,30,385,65.5,119.4,,1,Lickilicky
109,109,Koffing,Koffing,Poison,,40,65,95,60,45,35,340,1.0,61.0,,1,Weezing
110,110,Weezing,Weezing,Poison,,65,90,120,85,70,60,490,9.5,119.4,Koffing,1, 
111,111,Rhyhorn,Rhyhorn,Ground,Rock,80,85,95,30,30,25,345,115.0,99.1,,1,Rhydon
112,112,Rhydon,Rhydon,Ground,Rock,105,130,120,45,45,40,485,120.0,190.5,Rhyhorn,1,Rhyperior
113,113,Chansey,Chansey,Normal,,250,5,5,35,105,50,450,34.6,109.2,Happiny,1,Blissey
114,114,Tangela,Tangela,Grass,,65,55,115,100,40,60,435,35.0,99.1,,1,Tangrowth
115,115,Kangaskhan,Kangaskhan,Normal,,105,95,80,40,80,90,490,80.0,221.0,,1, 
116,116,Horsea,Horsea,Water,,30,40,70,70,25,60,295,8.0,40.6,,1,Seadra
117,117,Seadra,Seadra,Water,,55,65,95,95,45,85,440,25.0,119.4,Horsea,1,Kingdra
118,118,Goldeen,Goldeen,Water,,45,67,60,35,50,63,320,15.0,61.0,,1,Seaking
119,119,Seaking,Seaking,Water,,80,92,65,65,80,68,450,39.0,129.5,Goldeen,1, 
120,120,Staryu,Staryu,Water,,30,45,55,70,55,85,340,34.5,78.7,,1,Starmie
121,121,Starmie,Starmie,Water,Psychic,60,75,85,100,85,115,520,80.0,109.2,Staryu,1, 
122,122,Mr. Mime,Mr. Mime,Psychic,Fairy,40,45,65,100,120,90,460,54.5,129.5,Mime Jr.,1, 
123,123,Scyther,Scyther,Bug,Flying,70,110,80,55,80,105,500,56.0,149.9,,1,Scizor/Scizor (Mega Scizor)
124,124,Jynx,Jynx,Ice,Psychic,65,50,35,115,95,95,455,40.6,139.7,Smoochum,1, 
125,125,Electabuzz,Electabuzz,Electric,,65,83,57,95,85,105,490,30.0,109.2,Elekid,1,Electivire
126,126,Magmar,Magmar,Fire,,65,95,57,100,85,93,495,44.5,129.5,Magby,1,Magmortar
127,127,Pinsir,Pinsir,Bug,,65,125,100,55,70,85,500,55.0,149.9,,1, 
128,128,Tauros,Tauros,Normal,,75,100,95,40,70,110,490,88.4,139.7,,1, 
129,129,Magikarp,Magikarp,Water,,20,10,55,15,20,80,200,10.0,88.9,,1,Gyarados/Gyarados (Mega Gyarados)
130,130,Gyarados,Gyarados,Water,Flying,95,125,79,60,100,81,540,235.0,650.2,Magikarp,1, 
131,131,Lapras,Lapras,Water,Ice,130,85,80,85,95,60,535,220.0,248.9,,1, 
132,132,Ditto,Ditto,Normal,,48,48,48,48,48,48,288,4.0,30.5,,1, 
133,133,Eevee,Eevee,Normal,,55,55,50,45,65,55,325,6.5,30.5,,1,Vaporeon/Jolteon/Flareon/Espeon/Umbreon/Leafeon/Glaceon/Sylveon
134,134,Vaporeon,Vaporeon,Water,,130,65,60,110,95,65,525,29.0,99.1,Eevee,1, 
135,135,Jolteon,Jolteon,Electric,,65,65,60,110,95,130,525,24.5,78.7,Eevee,1, 
136,136,Flareon,Flareon,Fire,,65,130,60,95,110,65,525,25.0,88.9,Eevee,1, 
137,137,Porygon,Porygon,Normal,,65,60,70,85,75,40,395,36.5,78.7,,1,Porygon2
138,138,Omanyte,Omanyte,Rock,Water,35,40,100,90,55,35,355,7.5,40.6,,1,Omastar
139,139,Omastar,Omastar,Rock,Water,70,60,125,115,70,55,495,35.0,99.1,Omanyte,1, 
140,140,Kabuto,Kabuto,Rock,Water,30,80,90,55,45,55,355,11.5,50.8,,1,Kabutops
141,141,Kabutops,Kabutops,Rock,Water,60,115,105,65,70,80,495,40.5,129.5,Kabuto,1, 
142,142,Aerodactyl,Aerodactyl,Rock,Flying,80,105,65,60,75,130,515,59.0,180.3,,1, 
143,143,Snorlax,Snorlax,Normal,,160,110,65,65,110,30,540,460.0,210.8,Munchlax,1, 
144,144,Articuno,Articuno,Ice,Flying,90,85,100,95,125,85,580,55.4,170.2,,1, 
145,145,Zapdos,Zapdos,Electric,Flying,90,90,85,125,90,100,580,52.6,160.0,,1, 
146,146,Moltres,Moltres,Fire,Flying,90,100,90,125,85,90,580,60.0,200.7,,1, 
147,147,Dratini,Dratini,Dragon,,41,64,45,50,50,50,300,3.3,180.3,,1,Dragonair
148,148,Dragonair,Dragonair,Dragon,,61,84,65,70,70,70,420,16.5,398.8,Dratini,1,Dragonite
149,149,Dragonite,Dragonite,Dragon,Flying,91,134,95,100,100,80,600,210.0,221.0,Dragonair,1, 
150,150,Mewtwo,Mewtwo,Psychic,,106,110,90,154,90,130,680,122.0,200.7,,1, 
151,151,Mew,Mew,Psychic,,100,100,100,100,100,100,600,4.0,40.6,,1, 
152,152,Chikorita,Chikorita,Grass,,45,49,65,49,65,45,318,6.4,88.9,,2,Bayleef
153,153,Bayleef,Bayleef,Grass,,60,62,80,63,80,60,405,15.8,119.4,Chikorita,2,Meganium
154,154,Meganium,Meganium,Grass,,80,82,100,83,100,80,525,100.5,180.3,Bayleef,6, 
155,155,Cyndaquil,Cyndaquil,Fire,,39,52,43,60,50,65,309,7.9,50.8,,2,Quilava
156,156,Quilava,Quilava,Fire,,58,64,58,80,65,80,405,19.0,88.9,Cyndaquil,2,Typhlosion
157,157,Typhlosion,Typhlosion,Fire,,78,84,78,109,85,100,534,79.5,170.2,Quilava,2, 
158,158,Totodile,Totodile,Water,,50,65,64,44,48,43,314,9.5,61.0,,2,Croconaw
159,159,Croconaw,Croconaw,Water,,65,80,80,59,63,58,405,25.0,109.2,Totodile,2,Feraligatr
160,160,Feraligatr,Feraligatr,Water,,85,105,100,79,83,78,530,88.8,231.1,Croconaw,2, 
161,161,Sentret,Sentret,Normal,,35,46,34,35,45,20,215,6.0,78.7,,2,Furret
162,162,Furret,Furret,Normal,,85,76,64,45,55,90,415,32.5,180.3,Sentret,2, 
163,163,Hoothoot,Hoothoot,Normal,Flying,60,30,30,36,56,50,262,21.2,71.1,,2,Noctowl
164,164,Noctowl,Noctowl,Normal,Flying,100,50,50,86,96,70,452,40.8,160.0,Hoothoot,2, 
165,165,Ledyba,Ledyba,Bug,Flying,40,20,30,40,80,55,265,10.8,99.1,,2,Ledian
166,166,Ledian,Ledian,Bug,Flying,55,35,50,55,110,85,390,35.6,139.7,Ledyba,2, 
167,167,Spinarak,Spinarak,Bug,Poison,40,60,40,40,40,30,250,8.5,50.8,,2,Ariados
168,168,Ariados,Ariados,Bug,Poison,70,90,70,60,70,40,400,33.5,109.2,Spinarak,2, 
169,169,Crobat,Crobat,Poison,Flying,85,90,80,70,80,130,535,75.0,180.3,Golbat,2, 
170,170,Chinchou,Chinchou,Water,Electric,75,38,38,56,56,67,330,12.0,50.8,,2,Lanturn
171,171,Lanturn,Lanturn,Water,Electric,125,58,58,76,76,67,460,22.5,119.4,Chinchou,2, 
172,172,Pichu,Pichu,Electric,,20,40,15,35,35,60,205,2.0,30.5,,2,Pikachu
173,173,Cleffa,Cleffa,Fairy,,50,25,28,45,55,15,218,3.0,30.5,,2,Clefairy
174,174,Igglybuff,Igglybuff,Normal,Fairy,90,30,15,40,20,15,210,1.0,30.5,,2,Jigglypuff
175,175,Togepi,Togepi,Fairy,,35,20,65,40,65,20,245,1.5,30.5,,2,Togetic
176,176,Togetic,Togetic,Fairy,Flying,55,40,85,80,105,40,405,3.2,61.0,Togepi,2,Togekiss
177,177,Natu,Natu,Psychic,Flying,40,50,45,70,45,70,320,2.0,20.3,,2,Xatu
178,178,Xatu,Xatu,Psychic,Flying,65,75,70,95,70,95,470,15.0,149.9,Natu,2, 
179,179,Mareep,Mareep,Electric,,55,40,40,65,45,35,280,7.8,61.0,,2,Flaaffy
180,180,Flaaffy,Flaaffy,Electric,,70,55,55,80,60,45,365,13.3,78.7,Mareep,2,Ampharos/Ampharos (Mega Ampharos)
181,181,Ampharos,Ampharos,Electric,,90,75,85,115,90,55,510,61.5,139.7,Flaaffy,2, 
182,182,Bellossom,Bellossom,Grass,,75,80,95,90,100,50,490,5.8,40.6,Gloom,2, 
183,183,Marill,Marill,Water,Fairy,70,20,50,20,50,40,250,8.5,40.6,Azurill,2,Azumarill
184,184,Azumarill,Azumarill,Water,Fairy,100,50,80,60,80,50,420,28.5,78.7,Marill,2, 
185,185,Sudowoodo,Sudowoodo,Rock,,70,100,115,30,65,30,410,38.0,119.4,Bonsly,2, 
186,186,Politoed,Politoed,Water,,90,75,75,90,100,70,500,33.9,109.2,Poliwhirl,2, 
187,187,Hoppip,Hoppip,Grass,Flying,35,35,40,35,55,50,250,0.5,40.6,,2,Skiploom
188,188,Skiploom,Skiploom,Grass,Flying,55,45,50,45,65,80,340,1.0,61.0,Hoppip,2,Jumpluff
189,189,Jumpluff,Jumpluff,Grass,Flying,75,55,70,55,95,110,460,3.0,78.7,Skiploom,2, 
190,190,Aipom,Aipom,Normal,,55,70,55,40,55,85,360,11.5,78.7,,2,Ambipom
191,191,Sunkern,Sunkern,Grass,,30,30,30,30,30,30,180,1.8,30.5,,2,Sunflora
192,192,Sunflora,Sunflora,Grass,,75,75,55,105,85,30,425,8.5,78.7,Sunkern,2, 
193,193,Yanma,Yanma,Bug,Flying,65,65,45,75,45,95,390,38.0,119.4,,2,Yanmega
194,194,Wooper,Wooper,Water,Ground,55,45,45,25,25,15,210,8.5,40.6,,2,Quagsire
195,195,Quagsire,Quagsire,Water,Ground,95,85,85,65,65,35,430,75.0,139.7,Wooper,2, 
196,196,Espeon,Espeon,Psychic,,65,65,60,130,95,110,525,26.5,88.9,Eevee,2, 
197,197,Umbreon,Umbreon,Dark,,95,65,110,60,130,65,525,27.0,99.1,Eevee,2, 
198,198,Murkrow,Murkrow,Dark,Flying,60,85,42,85,42,91,405,2.1,50.8,,2,Honchkrow
199,199,Slowking,Slowking,Water,Psychic,95,75,80,100,110,30,490,79.5,200.7,Slowpoke,2, 
200,200,Misdreavus,Misdreavus,Ghost,,60,60,60,85,85,85,435,1.0,71.1,,2,Unown/Mismagius
201,201,Unown,Unown,Psychic,,48,72,48,72,48,48,336,5.0,50.8,Misdreavus,2, 
202,202,Wobbuffet,Wobbuffet,Psychic,,190,33,58,33,58,33,405,28.5,129.5,Wynaut,2, 
203,203,Girafarig,Girafarig,Normal,Psychic,70,80,65,90,65,85,455,41.5,149.9,,2, 
204,204,Pineco,Pineco,Bug,,50,65,90,35,35,15,290,7.2,61.0,,2,Forretress
205,205,Forretress,Forretress,Bug,Steel,75,90,140,60,60,40,465,125.8,119.4,Pineco,2, 
206,206,Dunsparce,Dunsparce,Normal,,100,70,70,65,65,45,415,14.0,149.9,,2, 
207,207,Gligar,Gligar,Ground,Flying,65,75,105,35,65,85,430,64.8,109.2,,2,Gliscor
208,208,Steelix,Steelix,Steel,Ground,75,85,200,55,65,30,510,400.0,919.5,Onix,2, 
209,209,Snubbull,Snubbull,Fairy,,60,80,50,40,40,30,300,7.8,61.0,,2,Granbull
210,210,Granbull,Granbull,Fairy,,90,120,75,60,60,45,450,48.7,139.7,Snubbull,2, 
211,211,Qwilfish,Qwilfish,Water,Poison,65,95,85,55,55,85,440,3.9,50.8,,2, 
212,212,Scizor,Scizor,Bug,Steel,70,130,100,55,80,65,500,118.0,180.3,Scyther,2, 
213,213,Shuckle,Shuckle,Bug,Rock,20,10,230,10,230,5,505,20.5,61.0,,2, 
214,214,Heracross,Heracross,Bug,Fighting,80,125,75,40,95,85,500,54.0,149.9,,2, 
215,215,Sneasel,Sneasel,Dark,Ice,55,95,55,35,75,115,430,28.0,88.9,,2,Weavile
216,216,Teddiursa,Teddiursa,Normal,,60,80,50,50,50,40,330,8.8,61.0,,2,Ursaring
217,217,Ursaring,Ursaring,Normal,,90,130,75,75,75,55,500,125.8,180.3,Teddiursa,2, 
218,218,Slugma,Slugma,Fire,,40,40,40,70,40,20,250,35.0,71.1,,2,Magcargo
219,219,Magcargo,Magcargo,Fire,Rock,60,50,120,90,80,30,430,55.0,78.7,Slugma,2, 
220,220,Swinub,Swinub,Ice,Ground,50,50,40,30,30,50,250,6.5,40.6,,2,Piloswine
221,221,Piloswine,Piloswine,Ice,Ground,100,100,80,60,60,50,450,55.8,109.2,Swinub,2,Mamoswine
222,222,Corsola,Corsola,Water,Rock,65,55,95,65,95,35,410,5.0,61.0,,2, 
223,223,Remoraid,Remoraid,Water,,35,65,35,65,35,65,300,12.0,61.0,,2,Octillery
224,224,Octillery,Octillery,Water,,75,105,75,105,75,45,480,28.5,88.9,Remoraid,2, 
225,225,Delibird,Delibird,Ice,Flying,45,55,45,65,45,75,330,16.0,88.9,,2, 
226,226,Mantine,Mantine,Water,Flying,85,40,70,80,140,70,485,220.0,210.8,Mantyke,2, 
227,227,Skarmory,Skarmory,Steel,Flying,65,80,140,40,70,70,465,50.5,170.2,,2, 
228,228,Houndour,Houndour,Dark,Fire,45,60,30,80,50,65,330,10.8,61.0,,2,Houndoom/Houndoom (Mega Houndoom)
229,229,Houndoom,Houndoom,Dark,Fire,75,90,50,110,80,95,500,35.0,139.7,Houndour,2, 
230,230,Kingdra,Kingdra,Water,Dragon,75,95,95,95,95,85,540,152.0,180.3,Seadra,2, 
231,231,Phanpy,Phanpy,Ground,,90,60,60,40,40,40,330,33.5,50.8,,2,Donphan
232,232,Donphan,Donphan,Ground,,90,120,120,60,60,50,500,120.0,109.2,Phanpy,2, 
233,233,Porygon2,Porygon2,Normal,,85,80,90,105,95,60,515,32.5,61.0,Porygon,2,Porygon-Z
234,234,Stantler,Stantler,Normal,,73,95,62,85,65,85,465,71.2,139.7,,2, 
235,235,Smeargle,Smeargle,Normal,,55,20,35,20,45,75,250,58.0,119.4,,2, 
236,236,Tyrogue,Tyrogue,Fighting,,35,35,35,35,35,35,210,21.0,71.1,,2,Hitmonlee/Hitmonchan/Hitmontop
237,237,Hitmontop,Hitmontop,Fighting,,50,95,95,35,110,70,455,48.0,139.7,Tyrogue,2, 
238,238,Smoochum,Smoochum,Ice,Psychic,45,30,15,85,65,65,305,6.0,40.6,,2,Jynx
239,239,Elekid,Elekid,Electric,,45,63,37,65,55,95,360,23.5,61.0,,2,Electabuzz
240,240,Magby,Magby,Fire,,45,75,37,70,55,83,365,21.4,71.1,,2,Magmar
241,241,Miltank,Miltank,Normal,,95,80,105,40,70,100,490,75.5,119.4,,2, 
242,242,Blissey,Blissey,Normal,,255,10,10,75,135,55,540,46.8,149.9,Chansey,2, 
243,243,Raikou,Raikou,Electric,,90,85,75,115,100,115,580,178.0,190.5,,2, 
244,244,Entei,Entei,Fire,,115,115,85,90,75,100,580,198.0,210.8,,2, 
245,245,Suicune,Suicune,Water,,100,75,115,90,115,85,580,187.0,200.7,,2, 
246,246,Larvitar,Larvitar,Rock,Ground,50,64,50,45,50,41,300,72.0,61.0,,2,Pupitar
247,247,Pupitar,Pupitar,Rock,Ground,70,84,70,65,70,51,410,152.0,119.4,Larvitar,2,Tyranitar/Tyranitar (Mega Tyranitar)
248,248,Tyranitar,Tyranitar,Rock,Dark,100,134,110,95,100,61,600,202.0,200.7,Pupitar,2, 
249,249,Lugia,Lugia,Psychic,Flying,106,90,130,90,154,110,680,216.0,520.7,,2, 
250,250,Ho-Oh,Ho-Oh,Fire,Flying,106,130,90,110,154,90,680,199.0,381.0,,2, 
251,251,Celebi,Celebi,Psychic,Grass,100,100,100,100,100,100,600,5.0,61.0,,2, 
252,252,Treecko,Treecko,Grass,,40,45,35,65,55,70,310,5.0,50.8,,3,Grovyle
253,253,Grovyle,Grovyle,Grass,,50,65,45,85,65,95,405,21.6,88.9,Treecko,3,Sceptile/Sceptile (Mega Sceptile)
254,254,Sceptile,Sceptile,Grass,,70,85,65,105,85,120,530,52.2,170.2,Grovyle,3, 
255,255,Torchic,Torchic,Fire,,45,60,40,70,50,45,310,2.5,40.6,,3,Combusken
256,256,Combusken,Combusken,Fire,Fighting,60,85,60,85,60,55,405,19.5,88.9,Torchic,3,Blaziken/Blaziken (Mega Blaziken)
257,257,Blaziken,Blaziken,Fire,Fighting,80,120,70,110,70,80,530,52.0,190.5,Combusken,3, 
258,258,Mudkip,Mudkip,Water,,50,70,50,50,50,40,310,7.6,40.6,,3,Marshtomp
259,259,Marshtomp,Marshtomp,Water,Ground,70,85,70,60,70,50,405,28.0,71.1,Mudkip,3,Swampert/Swampert (Mega Swampert)
260,260,Swampert,Swampert,Water,Ground,100,110,90,85,90,60,535,81.9,149.9,Marshtomp,3, 
261,261,Poochyena,Poochyena,Dark,,35,55,35,30,30,35,220,13.6,50.8,,3,Mightyena
262,262,Mightyena,Mightyena,Dark,,70,90,70,60,60,70,420,37.0,99.1,Poochyena,3, 
263,263,Zigzagoon,Zigzagoon,Normal,,38,30,41,30,41,60,240,17.5,40.6,,3,Linoone
264,264,Linoone,Linoone,Normal,,78,70,61,50,61,100,420,32.5,50.8,Zigzagoon,3, 
265,265,Wurmple,Wurmple,Bug,,45,45,35,20,30,20,195,3.6,30.5,,3,Silcoon/Cascoon
266,266,Silcoon,Silcoon,Bug,,50,35,55,25,25,15,205,10.0,61.0,Wurmple,3,Beautifly
267,267,Beautifly,Beautifly,Bug,Flying,60,70,50,100,50,65,395,28.4,99.1,Silcoon,3, 
268,268,Cascoon,Cascoon,Bug,,50,35,55,25,25,15,205,11.5,71.1,Wurmple,3,Dustox
269,269,Dustox,Dustox,Bug,Poison,60,50,70,50,90,65,385,31.6,119.4,Cascoon,3, 
270,270,Lotad,Lotad,Water,Grass,40,30,30,40,50,30,220,2.6,50.8,,3,Lombre
271,271,Lombre,Lombre,Water,Grass,60,50,50,60,70,50,340,32.5,119.4,Lotad,3,Ludicolo
272,272,Ludicolo,Ludicolo,Water,Grass,80,70,70,90,100,70,480,55.0,149.9,Lombre,3, 
273,273,Seedot,Seedot,Grass,,40,40,50,30,30,30,220,4.0,50.8,,3,Nuzleaf
274,274,Nuzleaf,Nuzleaf,Grass,Dark,70,70,40,60,40,60,340,28.0,99.1,Seedot,3,Shiftry
275,275,Shiftry,Shiftry,Grass,Dark,90,100,60,90,60,80,480,59.6,129.5,Nuzleaf,3, 
276,276,Taillow,Taillow,Normal,Flying,40,55,30,30,30,85,270,2.3,30.5,,3,Swellow
277,277,Swellow,Swellow,Normal,Flying,60,85,60,75,50,125,455,19.8,71.1,Taillow,3, 
278,278,Wingull,Wingull,Water,Flying,40,30,30,55,30,85,270,9.5,61.0,,3,Pelipper
279,279,Pelipper,Pelipper,Water,Flying,60,50,100,95,70,65,440,28.0,119.4,Wingull,3, 
280,280,Ralts,Ralts,Psychic,Fairy,28,25,25,45,35,40,198,6.6,40.6,,3,Kirlia
281,281,Kirlia,Kirlia,Psychic,Fairy,38,35,35,65,55,50,278,20.2,78.7,Ralts,3,Gardevoir/Gallade/Gardevoir (Mega Gardevoir)/Gallade (Mega Gallade)
282,282,Gardevoir,Gardevoir,Psychic,Fairy,68,65,65,125,115,80,518,48.4,160.0,Kirlia,3, 
283,283,Surskit,Surskit,Bug,Water,40,30,32,50,52,65,269,1.7,50.8,,3,Masquerain
284,284,Masquerain,Masquerain,Bug,Flying,70,60,62,100,82,80,454,3.6,78.7,Surskit,3, 
285,285,Shroomish,Shroomish,Grass,,60,40,60,40,60,35,295,4.5,40.6,,3,Breloom
286,286,Breloom,Breloom,Grass,Fighting,60,130,80,60,60,70,460,39.2,119.4,Shroomish,3, 
287,287,Slakoth,Slakoth,Normal,,60,60,60,35,35,30,280,24.0,78.7,,3,Vigoroth
288,288,Vigoroth,Vigoroth,Normal,,80,80,80,55,55,90,440,46.5,139.7,Slakoth,3,Slaking
289,289,Slaking,Slaking,Normal,,150,160,100,95,65,100,670,130.5,200.7,Vigoroth,3, 
290,290,Nincada,Nincada,Bug,Ground,31,45,90,30,30,40,266,5.5,50.8,,3,Ninjask/Shedinja
291,291,Ninjask,Ninjask,Bug,Flying,61,90,45,50,50,160,456,12.0,78.7,Nincada,3, 
292,292,Shedinja,Shedinja,Bug,Ghost,1,90,45,30,30,40,236,1.2,78.7,Nincada,3, 
293,293,Whismur,Whismur,Normal,,64,51,23,51,23,28,240,16.3,61.0,,3,Loudred
294,294,Loudred,Loudred,Normal,,84,71,43,71,43,48,360,40.5,99.1,Whismur,3,Exploud
295,295,Exploud,Exploud,Normal,,104,91,63,91,73,68,490,84.0,149.9,Loudred,3, 
296,296,Makuhita,Makuhita,Fighting,,72,60,30,20,30,25,237,86.4,99.1,,3,Hariyama
297,297,Hariyama,Hariyama,Fighting,,144,120,60,40,60,50,474,253.8,231.1,Makuhita,3, 
298,298,Azurill,Azurill,Normal,Fairy,50,20,40,20,40,20,190,2.0,20.3,,3,Marill
299,299,Nosepass,Nosepass,Rock,,30,45,135,45,90,30,375,97.0,99.1,,3,Probopass
300,300,Skitty,Skitty,Normal,,50,45,45,35,35,50,260,11.0,61.0,,3,Delcatty
301,301,Delcatty,Delcatty,Normal,,70,65,65,55,55,90,400,32.6,109.2,Skitty,3, 
302,302,Sableye,Sableye,Dark,Ghost,50,75,75,65,65,50,380,11.0,50.8,,3, 
303,303,Mawile,Mawile,Steel,Fairy,50,85,85,55,55,50,380,11.5,61.0,,3, 
304,304,Aron,Aron,Steel,Rock,50,70,100,40,40,30,330,60.0,40.6,,3,Lairon
305,305,Lairon,Lairon,Steel,Rock,60,90,140,50,50,40,430,120.0,88.9,Aron,3,Aggron/Aggron (Mega Aggron)
306,306,Aggron,Aggron,Steel,Rock,70,110,180,60,60,50,530,360.0,210.8,Lairon,3, 
307,307,Meditite,Meditite,Fighting,Psychic,30,40,55,40,55,60,280,11.2,61.0,,3,Medicham/Medicham (Mega Medicham)
308,308,Medicham,Medicham,Fighting,Psychic,60,60,75,60,75,80,410,31.5,129.5,Meditite,3, 
309,309,Electrike,Electrike,Electric,,40,45,40,65,40,65,295,15.2,61.0,,3,Manectric/Manectric (Mega Manectric)
310,310,Manectric,Manectric,Electric,,70,75,60,105,60,105,475,40.2,149.9,Electrike,3, 
311,311,Plusle,Plusle,Electric,,60,50,40,85,75,95,405,4.2,40.6,,3, 
312,312,Minun,Minun,Electric,,60,40,50,75,85,95,405,4.2,40.6,,3, 
313,313,Volbeat,Volbeat,Bug,,65,73,75,47,85,85,430,17.7,71.1,,3, 
314,314,Illumise,Illumise,Bug,,65,47,75,73,85,85,430,17.7,61.0,,3, 
315,315,Roselia,Roselia,Grass,Poison,50,60,45,100,80,65,400,2.0,30.5,Budew,3,Roserade
316,316,Gulpin,Gulpin,Poison,,70,43,53,43,53,40,302,10.3,40.6,,3,Swalot
317,317,Swalot,Swalot,Poison,,100,73,83,73,83,55,467,80.0,170.2,Gulpin,3, 
318,318,Carvanha,Carvanha,Water,Dark,45,90,20,65,20,65,305,20.8,78.7,,3,Sharpedo/Sharpedo (Mega Sharpedo)
319,319,Sharpedo,Sharpedo,Water,Dark,70,120,40,95,40,95,460,88.8,180.3,Carvanha,3, 
320,320,Wailmer,Wailmer,Water,,130,70,35,70,35,60,400,130.0,200.7,,3,Wailord
321,321,Wailord,Wailord,Water,,170,90,45,90,45,60,500,398.0,1450.3,Wailmer,3, 
322,322,Numel,Numel,Fire,Ground,60,60,40,65,45,35,305,24.0,71.1,,3,Camerupt/Camerupt (Mega Camerupt)
323,323,Camerupt,Camerupt,Fire,Ground,70,100,70,105,75,40,460,220.0,190.5,Numel,3, 
324,324,Torkoal,Torkoal,Fire,,70,85,140,85,70,20,470,80.4,50.8,,3, 
325,325,Spoink,Spoink,Psychic,,60,25,35,70,80,60,330,30.6,71.1,,3,Grumpig
326,326,Grumpig,Grumpig,Psychic,,80,45,65,90,110,80,470,71.5,88.9,Spoink,3, 
327,327,Spinda,Spinda,Normal,,60,60,60,60,60,60,360,5.0,109.2,,3, 
328,328,Trapinch,Trapinch,Ground,,45,100,45,45,45,10,290,15.0,71.1,,3,Vibrava
329,329,Vibrava,Vibrava,Ground,Dragon,50,70,50,50,50,70,340,15.3,109.2,Trapinch,3,Flygon
330,330,Flygon,Flygon,Ground,Dragon,80,100,80,80,80,100,520,82.0,200.7,Vibrava,3, 
331,331,Cacnea,Cacnea,Grass,,50,85,40,85,40,35,335,51.3,40.6,,3,Cacturne
332,332,Cacturne,Cacturne,Grass,Dark,70,115,60,115,60,55,475,77.4,129.5,Cacnea,3, 
333,333,Swablu,Swablu,Normal,Flying,45,40,60,40,75,50,310,1.2,40.6,,3,Altaria/Altaria (Mega Altaria)
334,334,Altaria,Altaria,Dragon,Flying,75,70,90,70,105,80,490,20.6,109.2,Swablu,3, 
335,335,Zangoose,Zangoose,Normal,,73,115,60,60,60,90,458,40.3,129.5,,3, 
336,336,Seviper,Seviper,Poison,,73,100,60,100,60,65,458,52.5,269.2,,3, 
337,337,Lunatone,Lunatone,Rock,Psychic,90,55,65,95,85,70,460,168.0,99.1,,3, 
338,338,Solrock,Solrock,Rock,Psychic,90,95,85,55,65,70,460,154.0,119.4,,3, 
339,339,Barboach,Barboach,Water,Ground,50,48,43,46,41,60,288,1.9,40.6,,3,Whiscash
340,340,Whiscash,Whiscash,Water,Ground,110,78,73,76,71,60,468,23.6,88.9,Barboach,3, 
341,341,Corphish,Corphish,Water,,43,80,65,50,35,35,308,11.5,61.0,,3,Crawdaunt
342,342,Crawdaunt,Crawdaunt,Water,Dark,63,120,85,90,55,55,468,32.8,109.2,Corphish,3, 
343,343,Baltoy,Baltoy,Ground,Psychic,40,40,55,40,70,55,300,21.5,50.8,,3,Claydol
344,344,Claydol,Claydol,Ground,Psychic,60,70,105,70,120,75,500,108.0,149.9,Baltoy,3, 
345,345,Lileep,Lileep,Rock,Grass,66,41,77,61,87,23,355,23.8,99.1,,3,Cradily
346,346,Cradily,Cradily,Rock,Grass,86,81,97,81,107,43,495,60.4,149.9,Lileep,3, 
347,347,Anorith,Anorith,Rock,Bug,45,95,50,40,50,75,355,12.5,71.1,,3,Armaldo
348,348,Armaldo,Armaldo,Rock,Bug,75,125,100,70,80,45,495,68.2,149.9,Anorith,3, 
349,349,Feebas,Feebas,Water,,20,15,20,10,55,80,200,7.4,61.0,,3,Milotic
350,350,Milotic,Milotic,Water,,95,60,79,100,125,81,540,162.0,619.8,Feebas,3, 
351,351,Castform,Castform (Normal),Normal,,70,70,70,70,70,70,420,0.8,30.5,,3, 
352,352,Kecleon,Kecleon,Normal,,60,90,70,60,120,40,440,22.0,99.1,,3, 
353,353,Shuppet,Shuppet,Ghost,,44,75,35,63,33,45,295,2.3,61.0,,3,Banette/Banette (Mega Banette)
354,354,Banette,Banette,Ghost,,64,115,65,83,63,65,455,12.5,109.2,Shuppet,3, 
355,355,Duskull,Duskull,Ghost,,20,40,90,30,90,25,295,15.0,78.7,,3,Dusclops
356,356,Dusclops,Dusclops,Ghost,,40,70,130,60,130,25,455,30.6,160.0,Duskull,3,Dusknoir
357,357,Tropius,Tropius,Grass,Flying,99,68,83,72,87,51,460,100.0,200.7,,3, 
358,358,Chimecho,Chimecho,Psychic,,75,50,80,95,90,65,455,1.0,61.0,Chingling,3, 
359,359,Absol,Absol,Dark,,65,130,60,75,60,75,465,47.0,119.4,,3, 
360,360,Wynaut,Wynaut,Psychic,,95,23,48,23,48,23,260,14.0,61.0,,3,Wobbuffet
361,361,Snorunt,Snorunt,Ice,,50,50,50,50,50,50,300,16.8,71.1,,3,Glalie/Froslass/Glalie (Mega Glalie)
362,362,Glalie,Glalie,Ice,,80,80,80,80,80,80,480,256.5,149.9,Snorunt,3, 
363,363,Spheal,Spheal,Ice,Water,70,40,50,55,50,25,290,39.5,78.7,,3,Sealeo
364,364,Sealeo,Sealeo,Ice,Water,90,60,70,75,70,45,410,87.6,109.2,Spheal,3,Walrein
365,365,Walrein,Walrein,Ice,Water,110,80,90,95,90,65,530,150.6,139.7,Sealeo,3, 
366,366,Clamperl,Clamperl,Water,,35,64,85,74,55,32,345,52.5,40.6,,3,Huntail/Gorebyss
367,367,Huntail,Huntail,Water,,55,104,105,94,75,52,485,27.0,170.2,Clamperl,3, 
368,368,Gorebyss,Gorebyss,Water,,55,84,105,114,75,52,485,22.6,180.3,Clamperl,3, 
369,369,Relicanth,Relicanth,Water,Rock,100,90,130,45,65,55,485,23.4,99.1,,3, 
370,370,Luvdisc,Luvdisc,Water,,43,30,55,40,65,97,330,8.7,61.0,,3, 
371,371,Bagon,Bagon,Dragon,,45,75,60,40,30,50,300,42.1,61.0,,3,Shelgon
372,372,Shelgon,Shelgon,Dragon,,65,95,100,60,50,50,420,110.5,109.2,Bagon,3,Salamence/Salamence (Mega Salamence)
373,373,Salamence,Salamence,Dragon,Flying,95,135,80,110,80,100,600,102.6,149.9,Shelgon,3, 
374,374,Beldum,Beldum,Steel,Psychic,40,55,80,35,60,30,300,95.2,61.0,,3,Metang
375,375,Metang,Metang,Steel,Psychic,60,75,100,55,80,50,420,202.5,119.4,Beldum,3,Metagross/Metagross (Mega Metagross)
376,376,Metagross,Metagross,Steel,Psychic,80,135,130,95,90,70,600,550.0,160.0,Metang,3, 
377,377,Regirock,Regirock,Rock,,80,100,200,50,100,50,580,230.0,170.2,,3, 
378,378,Regice,Regice,Ice,,80,50,100,100,200,50,580,175.0,180.3,,3, 
379,379,Registeel,Registeel,Steel,,80,75,150,75,150,50,580,205.0,190.5,,3, 
380,380,Latias,Latias,Dragon,Psychic,80,80,90,110,130,110,600,40.0,139.7,,3, 
381,381,Latios,Latios,Dragon,Psychic,80,90,80,130,110,110,600,60.0,200.7,,3, 
382,382,Kyogre,Kyogre,Water,,100,100,90,150,140,90,670,352.0,449.6,,3, 
383,383,Groudon,Groudon,Ground,,100,150,140,100,90,90,670,950.0,350.5,,3, 
384,384,Rayquaza,Rayquaza,Dragon,Flying,105,150,90,150,90,95,680,206.5,701.0,,3, 
385,385,Jirachi,Jirachi,Steel,Psychic,100,100,100,100,100,100,600,1.1,30.5,,3, 
386,386,Deoxys,Deoxys (Normal Forme),Psychic,,50,150,50,150,50,150,600,60.8,170.2,,3, 
387,387,Turtwig,Turtwig,Grass,,55,68,64,45,55,31,318,10.2,40.6,,4,Grotle
388,388,Grotle,Grotle,Grass,,75,89,85,55,65,36,405,97.0,109.2,Turtwig,4,Torterra
389,389,Torterra,Torterra,Grass,Ground,95,109,105,75,85,56,525,310.0,221.0,Grotle,4, 
390,390,Chimchar,Chimchar,Fire,,44,58,44,58,44,61,309,6.2,50.8,,4,Monferno
391,391,Monferno,Monferno,Fire,Fighting,64,78,52,78,52,81,405,22.0,88.9,Chimchar,4,Infernape
392,392,Infernape,Infernape,Fire,Fighting,76,104,71,104,71,108,534,55.0,119.4,Monferno,4, 
393,393,Piplup,Piplup,Water,,53,51,53,61,56,40,314,5.2,40.6,,4,Prinplup
394,394,Prinplup,Prinplup,Water,,64,66,68,81,76,50,405,23.0,78.7,Piplup,4,Empoleon
395,395,Empoleon,Empoleon,Water,Steel,84,86,88,111,101,60,530,84.5,170.2,Prinplup,4, 
396,396,Starly,Starly,Normal,Flying,40,55,30,30,30,60,245,2.0,30.5,,4,Staravia
397,397,Staravia,Staravia,Normal,Flying,55,75,50,40,40,80,340,15.5,61.0,Starly,4,Staraptor
398,398,Staraptor,Staraptor,Normal,Flying,85,120,70,50,60,100,485,24.9,119.4,Staravia,4, 
399,399,Bidoof,Bidoof,Normal,,59,45,40,35,40,31,250,20.0,50.8,,4,Bibarel
400,400,Bibarel,Bibarel,Normal,Water,79,85,60,55,60,71,410,31.5,99.1,Bidoof,4, 
401,401,Kricketot,Kricketot,Bug,,37,25,41,25,41,25,194,2.2,30.5,,4,Kricketune
402,402,Kricketune,Kricketune,Bug,,77,85,51,55,51,65,384,25.5,99.1,Kricketot,4, 
403,403,Shinx,Shinx,Electric,,45,65,34,40,34,45,263,9.5,50.8,,4,Luxio
404,404,Luxio,Luxio,Electric,,60,85,49,60,49,60,363,30.5,88.9,Shinx,4,Luxray
405,405,Luxray,Luxray,Electric,,80,120,79,95,79,70,523,42.0,139.7,Luxio,4, 
406,406,Budew,Budew,Grass,Poison,40,30,35,50,70,55,280,1.2,20.3,,4,Roselia
407,407,Roserade,Roserade,Grass,Poison,60,70,65,125,105,90,515,14.5,88.9,Roselia,4, 
408,408,Cranidos,Cranidos,Rock,,67,125,40,30,30,58,350,31.5,88.9,,4,Rampardos
409,409,Rampardos,Rampardos,Rock,,97,165,60,65,50,58,495,102.5,160.0,Cranidos,4, 
410,410,Shieldon,Shieldon,Rock,Steel,30,42,118,42,88,30,350,57.0,50.8,,4,Bastiodon
411,411,Bastiodon,Bastiodon,Rock,Steel,60,52,168,47,138,30,495,149.5,129.5,Shieldon,4, 
412,412,Burmy,Burmy (Plant Cloak),Bug,,40,29,45,29,45,36,224,3.4,20.3,,4,Wormadam (Plant Cloak)/Mothim/Wormadam (Sandy Cloak)/Wormadam (Trash Cloak)
413,413,Wormadam,Wormadam (Plant Cloak),Bug,Grass,60,59,85,79,105,36,424,6.5,50.8,Burmy,4, 
414,414,Mothim,Mothim,Bug,Flying,70,94,50,94,50,66,424,23.3,88.9,Burmy,4, 
415,415,Combee,Combee,Bug,Flying,30,30,42,30,42,70,244,5.5,30.5,,4,Vespiquen
416,416,Vespiquen,Vespiquen,Bug,Flying,70,80,102,80,102,40,474,38.5,119.4,Combee,4, 
417,417,Pachirisu,Pachirisu,Electric,,60,45,70,45,90,95,405,3.9,40.6,,4, 
418,418,Buizel,Buizel,Water,,55,65,35,60,30,85,330,29.5,71.1,,4,Floatzel
419,419,Floatzel,Floatzel,Water,,85,105,55,85,50,115,495,33.5,109.2,Buizel,4, 
420,420,Cherubi,Cherubi,Grass,,45,35,45,62,53,35,275,3.3,40.6,,4,Cherrim (Overcast Form)/Cherrim (Sunshine Form)
421,421,Cherrim,Cherrim (Overcast Form),Grass,,70,60,70,87,78,85,450,9.3,50.8,Cherubi,4, 
422,422,Shellos,Shellos (West Sea),Water,,76,48,48,57,62,34,325,6.3,30.5,,4,Gastrodon (West Sea)
423,423,Gastrodon,Gastrodon (West Sea),Water,Ground,111,83,68,92,82,39,475,29.9,88.9,Shellos,4, 
424,424,Ambipom,Ambipom,Normal,,75,100,66,60,66,115,482,20.3,119.4,Aipom,4, 
425,425,Drifloon,Drifloon,Ghost,Flying,90,50,34,60,44,70,348,1.2,40.6,,4,Drifblim
426,426,Drifblim,Drifblim,Ghost,Flying,150,80,44,90,54,80,498,15.0,119.4,Drifloon,4, 
427,427,Buneary,Buneary,Normal,,55,66,44,44,56,85,350,5.5,40.6,,4,Lopunny/Lopunny (Mega Lopunny)
428,428,Lopunny,Lopunny,Normal,,65,76,84,54,96,105,480,33.3,119.4,Buneary,4, 
429,429,Mismagius,Mismagius,Ghost,,60,60,60,105,105,105,495,4.4,88.9,Misdreavus,4, 
430,430,Honchkrow,Honchkrow,Dark,Flying,100,125,52,105,52,71,505,27.3,88.9,Murkrow,4, 
431,431,Glameow,Glameow,Normal,,49,55,42,42,37,85,310,3.9,50.8,,4,Purugly
432,432,Purugly,Purugly,Normal,,71,82,64,64,59,112,452,43.8,99.1,Glameow,4, 
433,433,Chingling,Chingling,Psychic,,45,30,50,65,50,45,285,0.6,20.3,,4,Chimecho
434,434,Stunky,Stunky,Poison,Dark,63,63,47,41,41,74,329,19.2,40.6,,4,Skuntank
435,435,Skuntank,Skuntank,Poison,Dark,103,93,67,71,61,84,479,38.0,99.1,Stunky,4, 
436,436,Bronzor,Bronzor,Steel,Psychic,57,24,86,24,86,23,300,60.5,50.8,,4,Bronzong
437,437,Bronzong,Bronzong,Steel,Psychic,67,89,116,79,116,33,500,187.0,129.5,Bronzor,4, 
438,438,Bonsly,Bonsly,Rock,,50,80,95,10,45,10,290,15.0,50.8,,4,Sudowoodo
439,439,Mime Jr.,Mime Jr.,Psychic,Fairy,20,25,45,70,90,60,310,13.0,61.0,,4,Mr. Mime
440,440,Happiny,Happiny,Normal,,100,5,5,15,65,30,220,24.4,61.0,,4,Chansey
441,441,Chatot,Chatot,Normal,Flying,76,65,45,92,42,91,411,1.9,50.8,,4, 
442,442,Spiritomb,Spiritomb,Ghost,,50,92,108,92,108,35,485,108.0,99.1,,4, 
443,443,Gible,Gible,Dragon,Ground,58,70,45,40,45,42,300,20.5,71.1,,4,Gabite
444,444,Gabite,Gabite,Dragon,Ground,68,90,65,50,55,82,410,56.0,139.7,Gible,4,Garchomp/Garchomp (Mega Garchomp)
445,445,Garchomp,Garchomp,Dragon,Ground,108,130,95,80,85,102,600,95.0,190.5,Gabite,4, 
446,446,Munchlax,Munchlax,Normal,,135,85,40,40,85,5,390,105.0,61.0,,4,Snorlax
447,447,Riolu,Riolu,Fighting,,40,70,40,35,40,60,285,20.2,71.1,,4,Lucario/Lucario (Mega Lucario)
448,448,Lucario,Lucario,Fighting,Steel,70,110,70,115,70,90,525,54.0,119.4,Riolu,4, 
449,449,Hippopotas,Hippopotas,Ground,,68,72,78,38,42,32,330,49.5,78.7,,4,Hippowdon
450,450,Hippowdon,Hippowdon,Ground,,108,112,118,68,72,47,525,300.0,200.7,Hippopotas,4, 
451,451,Skorupi,Skorupi,Poison,Bug,40,50,90,30,55,65,330,12.0,78.7,,4,Drapion
452,452,Drapion,Drapion,Poison,Dark,70,90,110,60,75,95,500,61.5,129.5,Skorupi,4, 
453,453,Croagunk,Croagunk,Poison,Fighting,48,61,40,61,40,50,300,23.0,71.1,,4,Toxicroak
454,454,Toxicroak,Toxicroak,Poison,Fighting,83,106,65,86,65,85,490,44.4,129.5,Croagunk,4, 
455,455,Carnivine,Carnivine,Grass,,74,100,72,90,72,46,454,27.0,139.7,,4, 
456,456,Finneon,Finneon,Water,,49,49,56,49,61,66,330,7.0,40.6,,4,Lumineon
457,457,Lumineon,Lumineon,Water,,69,69,76,69,86,91,460,24.0,119.4,Finneon,4, 
458,458,Mantyke,Mantyke,Water,Flying,45,20,50,60,120,50,345,65.0,99.1,,4,Mantine
459,459,Snover,Snover,Grass,Ice,60,62,50,62,60,40,334,50.5,99.1,,4,Abomasnow/Abomasnow (Mega Abomasnow)
460,460,Abomasnow,Abomasnow,Grass,Ice,90,92,75,92,85,60,494,135.5,221.0,Snover,4, 
461,461,Weavile,Weavile,Dark,Ice,70,120,65,45,85,125,510,34.0,109.2,Sneasel,4, 
462,462,Magnezone,Magnezone,Electric,Steel,70,70,115,130,90,60,535,180.0,119.4,Magneton,4, 
463,463,Lickilicky,Lickilicky,Normal,,110,85,95,80,95,50,515,140.0,170.2,Lickitung,4, 
464,464,Rhyperior,Rhyperior,Ground,Rock,115,140,130,55,55,40,535,282.8,238.8,Rhydon,4, 
465,465,Tangrowth,Tangrowth,Grass,,100,100,125,110,50,50,535,128.6,200.7,Tangela,4, 
466,466,Electivire,Electivire,Electric,,75,123,67,95,85,95,540,138.6,180.3,Electabuzz,4, 
467,467,Magmortar,Magmortar,Fire,,75,95,67,125,95,83,540,68.0,160.0,Magmar,4, 
468,468,Togekiss,Togekiss,Fairy,Flying,85,50,95,120,115,80,545,38.0,149.9,Togetic,4, 
469,469,Yanmega,Yanmega,Bug,Flying,86,76,86,116,56,95,515,51.5,190.5,Yanma,4, 
470,470,Leafeon,Leafeon,Grass,,65,110,130,60,65,95,525,25.5,99.1,Eevee,4, 
471,471,Glaceon,Glaceon,Ice,,65,60,110,130,95,65,525,25.9,78.7,Eevee,4, 
472,472,Gliscor,Gliscor,Ground,Flying,75,95,125,45,75,95,510,42.5,200.7,Gligar,4, 
473,473,Mamoswine,Mamoswine,Ice,Ground,110,130,80,70,60,80,530,291.0,248.9,Piloswine,4, 
474,474,Porygon-Z,Porygon-Z,Normal,,85,80,70,135,75,90,535,34.0,88.9,Porygon2,4, 
475,475,Gallade,Gallade,Psychic,Fighting,68,125,65,65,115,80,518,52.0,160.0,Kirlia,4, 
476,476,Probopass,Probopass,Rock,Steel,60,55,145,75,150,40,525,340.0,139.7,Nosepass,4, 
477,477,Dusknoir,Dusknoir,Ghost,,45,100,135,65,135,45,525,106.6,221.0,Dusclops,4, 
478,478,Froslass,Froslass,Ice,Ghost,70,80,70,80,70,110,480,26.6,129.5,Snorunt,4, 
479,479,Rotom,Rotom (Rotom),Electric,Ghost,50,50,77,95,77,91,440,0.3,30.5,,4, 
480,480,Uxie,Uxie,Psychic,,75,75,130,75,130,95,580,0.3,30.5,,4, 
481,481,Mesprit,Mesprit,Psychic,,80,105,105,105,105,80,580,0.3,30.5,,4, 
482,482,Azelf,Azelf,Psychic,,75,125,70,125,70,115,580,0.3,30.5,,4, 
483,483,Dialga,Dialga,Steel,Dragon,100,120,120,150,100,90,680,683.0,541.0,,4, 
484,484,Palkia,Palkia,Water,Dragon,90,120,100,150,120,100,680,336.0,419.1,,4, 
485,485,Heatran,Heatran,Fire,Steel,91,90,106,130,106,77,600,430.0,170.2,,4, 
486,486,Regigigas,Regigigas,Normal,,110,160,110,80,110,100,670,420.0,370.8,,4, 
487,487,Giratina,Giratina (Altered Forme),Ghost,Dragon,150,100,120,100,120,90,680,750.0,449.6,,4, 
488,488,Cresselia,Cresselia,Psychic,,120,70,120,75,130,85,600,85.6,149.9,,4, 
489,489,Phione,Phione,Water,,80,80,80,80,80,80,480,3.1,40.6,,4, 
490,490,Manaphy,Manaphy,Water,,100,100,100,100,100,100,600,1.4,30.5,,4, 
491,491,Darkrai,Darkrai,Dark,,70,90,90,135,90,125,600,50.5,149.9,,4, 
492,492,Shaymin,Shaymin (Land Forme),Grass,,100,100,100,100,100,100,600,2.1,20.3,,4, 
493,493,Arceus,Arceus (Normal),Normal,,120,120,120,120,120,120,720,320.0,320.0,,4, 
494,494,Victini,Victini,Psychic,Fire,100,100,100,100,100,100,600,4.0,40.6,,5, 
495,495,Snivy,Snivy,Grass,,45,45,55,45,55,63,308,8.1,61.0,,5,Servine
496,496,Servine,Servine,Grass,,60,60,75,60,75,83,413,16.0,78.7,Snivy,5,Serperior
497,497,Serperior,Serperior,Grass,,75,75,95,75,95,113,528,63.0,330.2,Servine,5, 
498,498,Tepig,Tepig,Fire,,65,63,45,45,45,45,308,9.9,50.8,,5,Pignite
499,499,Pignite,Pignite,Fire,Fighting,90,93,55,70,55,55,418,55.5,99.1,Tepig,5,Emboar
500,500,Emboar,Emboar,Fire,Fighting,110,123,65,100,65,65,528,150.0,160.0,Pignite,5, 
501,501,Oshawott,Oshawott,Water,,55,55,45,63,45,45,308,5.9,50.8,,5,Dewott
502,502,Dewott,Dewott,Water,,75,75,60,83,60,60,413,24.5,78.7,Oshawott,5,Samurott
503,503,Samurott,Samurott,Water,,95,100,85,108,70,70,528,94.6,149.9,Dewott,5, 
504,504,Patrat,Patrat,Normal,,45,55,39,35,39,42,255,11.6,50.8,,5,Watchog
505,505,Watchog,Watchog,Normal,,60,85,69,60,69,77,420,27.0,109.2,Patrat,5, 
506,506,Lillipup,Lillipup,Normal,,45,60,45,25,45,55,275,4.1,40.6,,5,Herdier
507,507,Herdier,Herdier,Normal,,65,80,65,35,65,60,370,14.7,88.9,Lillipup,5,Stoutland
508,508,Stoutland,Stoutland,Normal,,85,110,90,45,90,80,500,61.0,119.4,Herdier,5, 
509,509,Purrloin,Purrloin,Dark,,41,50,37,50,37,66,281,10.1,40.6,,5,Liepard
510,510,Liepard,Liepard,Dark,,64,88,50,88,50,106,446,37.5,109.2,Purrloin,5, 
511,511,Pansage,Pansage,Grass,,50,53,48,53,48,64,316,10.5,61.0,,5,Simisage
512,512,Simisage,Simisage,Grass,,75,98,63,98,63,101,498,30.5,109.2,Pansage,5, 
513,513,Pansear,Pansear,Fire,,50,53,48,53,48,64,316,11.0,61.0,,5,Simisear
514,514,Simisear,Simisear,Fire,,75,98,63,98,63,101,498,28.0,99.1,Pansear,5, 
515,515,Panpour,Panpour,Water,,50,53,48,53,48,64,316,13.5,61.0,,5,Simipour
516,516,Simipour,Simipour,Water,,75,98,63,98,63,101,498,29.0,99.1,Panpour,5, 
517,517,Munna,Munna,Psychic,,76,25,45,67,55,24,292,23.3,61.0,,5,Musharna
518,518,Musharna,Musharna,Psychic,,116,55,85,107,95,29,487,60.5,109.2,Munna,5, 
519,519,Pidove,Pidove,Normal,Flying,50,55,50,36,30,43,264,2.1,30.5,,5,Tranquill
520,520,Tranquill,Tranquill,Normal,Flying,62,77,62,50,42,65,358,15.0,61.0,Pidove,5,Unfezant
521,521,Unfezant,Unfezant,Normal,Flying,80,115,80,65,55,93,488,29.0,119.4,Tranquill,5, 
522,522,Blitzle,Blitzle,Electric,,45,60,32,50,32,76,295,29.8,78.7,,5,Zebstrika
523,523,Zebstrika,Zebstrika,Electric,,75,100,63,80,63,116,497,79.5,160.0,Blitzle,5, 
524,524,Roggenrola,Roggenrola,Rock,,55,75,85,25,25,15,280,18.0,40.6,,5,Boldore
525,525,Boldore,Boldore,Rock,,70,105,105,50,40,20,390,102.0,88.9,Roggenrola,5,Gigalith
526,526,Gigalith,Gigalith,Rock,,85,135,130,60,80,25,515,260.0,170.2,Boldore,5, 
527,527,Woobat,Woobat,Psychic,Flying,65,45,43,55,43,72,323,2.1,40.6,,5,Swoobat
528,528,Swoobat,Swoobat,Psychic,Flying,67,57,55,77,55,114,425,10.5,88.9,Woobat,5, 
529,529,Drilbur,Drilbur,Ground,,60,85,40,30,45,68,328,8.5,30.5,,5,Excadrill
530,530,Excadrill,Excadrill,Ground,Steel,110,135,60,50,65,88,508,40.4,71.1,Drilbur,5, 
531,531,Audino,Audino,Normal,,103,60,86,60,86,50,445,31.0,109.2,,5, 
532,532,Timburr,Timburr,Fighting,,75,80,55,25,35,35,305,12.5,61.0,,5,Gurdurr
533,533,Gurdurr,Gurdurr,Fighting,,85,105,85,40,50,40,405,40.0,119.4,Timburr,5,Conkeldurr
534,534,Conkeldurr,Conkeldurr,Fighting,,105,140,95,55,65,45,505,87.0,139.7,Gurdurr,5, 
535,535,Tympole,Tympole,Water,,50,50,40,50,40,64,294,4.5,50.8,,5,Palpitoad
536,536,Palpitoad,Palpitoad,Water,Ground,75,65,55,65,55,69,384,17.0,78.7,Tympole,5,Seismitoad
537,537,Seismitoad,Seismitoad,Water,Ground,105,95,75,85,75,74,509,62.0,149.9,Palpitoad,5, 
538,538,Throh,Throh,Fighting,,120,100,85,30,85,45,465,55.5,129.5,,5, 
539,539,Sawk,Sawk,Fighting,,75,125,75,30,75,85,465,51.0,139.7,,5, 
540,540,Sewaddle,Sewaddle,Bug,Grass,45,53,70,40,60,42,310,2.5,30.5,,5,Swadloon
541,541,Swadloon,Swadloon,Bug,Grass,55,63,90,50,80,42,380,7.3,50.8,Sewaddle,5,Leavanny
542,542,Leavanny,Leavanny,Bug,Grass,75,103,80,70,80,92,500,20.5,119.4,Swadloon,5, 
543,543,Venipede,Venipede,Bug,Poison,30,45,59,30,39,57,260,5.3,40.6,,5,Whirlipede
544,544,Whirlipede,Whirlipede,Bug,Poison,40,55,99,40,79,47,360,58.5,119.4,Venipede,5,Scolipede
545,545,Scolipede,Scolipede,Bug,Poison,60,100,89,55,69,112,485,200.5,248.9,Whirlipede,5, 
546,546,Cottonee,Cottonee,Grass,Fairy,40,27,60,37,50,66,280,0.6,30.5,,5,Whimsicott
547,547,Whimsicott,Whimsicott,Grass,Fairy,60,67,85,77,75,116,480,6.6,71.1,Cottonee,5, 
548,548,Petilil,Petilil,Grass,,45,35,50,70,50,30,280,6.6,50.8,,5,Lilligant
549,549,Lilligant,Lilligant,Grass,,70,60,75,110,75,90,480,16.3,109.2,Petilil,5, 
550,550,Basculin,Basculin (Red-Striped Form),Water,,70,92,65,80,55,98,460,18.0,99.1,,5, 
551,551,Sandile,Sandile,Ground,Dark,50,72,35,35,35,65,292,15.2,71.1,,5,Krokorok
552,552,Krokorok,Krokorok,Ground,Dark,60,82,45,45,45,74,351,33.4,99.1,Sandile,5,Krookodile
553,553,Krookodile,Krookodile,Ground,Dark,95,117,80,65,70,92,519,96.3,149.9,Krokorok,5, 
554,554,Darumaka,Darumaka,Fire,,70,90,45,15,45,50,315,37.5,61.0,,5,Darmanitan (Standard Mode)/Darmanitan (Zen Mode)
555,555,Darmanitan,Darmanitan (Standard Mode),Fire,,105,140,55,30,55,95,480,92.9,129.5,Darumaka,5, 
556,556,Maractus,Maractus,Grass,,75,86,67,106,67,60,461,28.0,99.1,,5, 
557,557,Dwebble,Dwebble,Bug,Rock,50,65,85,35,35,55,325,14.5,30.5,,5,Crustle
558,558,Crustle,Crustle,Bug,Rock,70,105,125,65,75,45,485,200.0,139.7,Dwebble,5, 
559,559,Scraggy,Scraggy,Dark,Fighting,50,75,70,35,70,48,348,11.8,61.0,,5,Scrafty
560,560,Scrafty,Scrafty,Dark,Fighting,65,90,115,45,115,58,488,30.0,109.2,Scraggy,5, 
561,561,Sigilyph,Sigilyph,Psychic,Flying,72,58,80,103,80,97,490,14.0,139.7,,5, 
562,562,Yamask,Yamask,Ghost,,38,30,85,55,65,30,303,1.5,50.8,,5,Cofagrigus
563,563,Cofagrigus,Cofagrigus,Ghost,,58,50,145,95,105,30,483,76.5,170.2,Yamask,5, 
564,564,Tirtouga,Tirtouga,Water,Rock,54,78,103,53,45,22,355,16.5,71.1,,5,Carracosta
565,565,Carracosta,Carracosta,Water,Rock,74,108,133,83,65,32,495,81.0,119.4,Tirtouga,5, 
566,566,Archen,Archen,Rock,Flying,55,112,45,74,45,70,401,9.5,50.8,,5,Archeops
567,567,Archeops,Archeops,Rock,Flying,75,140,65,112,65,110,567,32.0,139.7,Archen,5, 
568,568,Trubbish,Trubbish,Poison,,50,50,62,40,62,65,329,31.0,61.0,,5,Garbodor
569,569,Garbodor,Garbodor,Poison,,80,95,82,60,82,75,474,107.3,190.5,Trubbish,5, 
570,570,Zorua,Zorua,Dark,,40,65,40,80,40,65,330,12.5,71.1,,5,Zoroark
571,571,Zoroark,Zoroark,Dark,,60,105,60,120,60,105,510,81.1,160.0,Zorua,5, 
572,572,Minccino,Minccino,Normal,,55,50,40,40,40,75,300,5.8,40.6,,5,Cinccino
573,573,Cinccino,Cinccino,Normal,,75,95,60,65,60,115,470,7.5,50.8,Minccino,5, 
574,574,Gothita,Gothita,Psychic,,45,30,50,55,65,45,290,5.8,40.6,,5,Gothorita
575,575,Gothorita,Gothorita,Psychic,,60,45,70,75,85,55,390,18.0,71.1,Gothita,5,Gothitelle
576,576,Gothitelle,Gothitelle,Psychic,,70,55,95,95,110,65,490,44.0,149.9,Gothorita,5, 
577,577,Solosis,Solosis,Psychic,,45,30,40,105,50,20,290,1.0,30.5,,5,Duosion
578,578,Duosion,Duosion,Psychic,,65,40,50,125,60,30,370,8.0,61.0,Solosis,5,Reuniclus
579,579,Reuniclus,Reuniclus,Psychic,,110,65,75,125,85,30,490,20.1,99.1,Duosion,5, 
580,580,Ducklett,Ducklett,Water,Flying,62,44,50,44,50,55,305,5.5,50.8,,5,Swanna
581,581,Swanna,Swanna,Water,Flying,75,87,63,87,63,98,473,24.2,129.5,Ducklett,5, 
582,582,Vanillite,Vanillite,Ice,,36,50,50,65,60,44,305,5.7,40.6,,5,Vanillish
583,583,Vanillish,Vanillish,Ice,,51,65,65,80,75,59,395,41.0,109.2,Vanillite,5,Vanilluxe
584,584,Vanilluxe,Vanilluxe,Ice,,71,95,85,110,95,79,535,57.5,129.5,Vanillish,5, 
585,585,Deerling,Deerling (Spring Form),Normal,Grass,60,60,50,40,50,75,335,19.5,61.0,,5,Sawsbuck (Spring Form)/Sawsbuck (Summer Form)/Sawsbuck (Autumn Form)/Sawsbuck (Winter Form)
586,586,Sawsbuck,Sawsbuck (Spring Form),Normal,Grass,80,100,70,60,70,95,475,92.5,190.5,Deerling,5, 
587,587,Emolga,Emolga,Electric,Flying,55,75,60,75,60,103,428,5.0,40.6,,5, 
588,588,Karrablast,Karrablast,Bug,,50,75,45,40,45,60,315,5.9,50.8,,5,Escavalier
589,589,Escavalier,Escavalier,Bug,Steel,70,135,105,60,105,20,495,33.0,99.1,Karrablast,5, 
590,590,Foongus,Foongus,Grass,Poison,69,55,45,55,55,15,294,1.0,20.3,,5,Amoonguss
591,591,Amoonguss,Amoonguss,Grass,Poison,114,85,70,85,80,30,464,10.5,61.0,Foongus,5, 
592,592,Frillish,Frillish,Water,Ghost,55,40,50,65,85,40,335,33.0,119.4,,5,Jellicent
593,593,Jellicent,Jellicent,Water,Ghost,100,60,70,85,105,60,480,135.0,221.0,Frillish,5, 
594,594,Alomomola,Alomomola,Water,,165,75,80,40,45,65,470,31.6,119.4,,5, 
595,595,Joltik,Joltik,Bug,Electric,50,47,50,57,50,65,319,0.6,10.2,,5,Galvantula
596,596,Galvantula,Galvantula,Bug,Electric,70,77,60,97,60,108,472,14.3,78.7,Joltik,5, 
597,597,Ferroseed,Ferroseed,Grass,Steel,44,50,91,24,86,10,305,18.8,61.0,,5,Ferrothorn
598,598,Ferrothorn,Ferrothorn,Grass,Steel,74,94,131,54,116,20,489,110.0,99.1,Ferroseed,5, 
599,599,Klink,Klink,Steel,,40,55,70,45,60,30,300,21.0,30.5,,5,Klang
600,600,Klang,Klang,Steel,,60,80,95,70,85,50,440,51.0,61.0,Klink,5,Klinklang
601,601,Klinklang,Klinklang,Steel,,60,100,115,70,85,90,520,81.0,61.0,Klang,5, 
602,602,Tynamo,Tynamo,Electric,,35,55,40,45,40,60,275,0.3,20.3,,5,Eelektrik
603,603,Eelektrik,Eelektrik,Electric,,65,85,70,75,70,40,405,22.0,119.4,Tynamo,5,Eelektross
604,604,Eelektross,Eelektross,Electric,,85,115,80,105,80,50,515,80.5,210.8,Eelektrik,5, 
605,605,Elgyem,Elgyem,Psychic,,55,55,55,85,55,30,335,9.0,50.8,,5,Beheeyem
606,606,Beheeyem,Beheeyem,Psychic,,75,75,75,125,95,40,485,34.5,99.1,Elgyem,5, 
607,607,Litwick,Litwick,Ghost,Fire,50,30,55,65,55,20,275,3.1,30.5,,5,Lampent
608,608,Lampent,Lampent,Ghost,Fire,60,40,60,95,60,55,370,13.0,61.0,Litwick,5,Chandelure
609,609,Chandelure,Chandelure,Ghost,Fire,60,55,90,145,90,80,520,34.3,99.1,Lampent,5, 
610,610,Axew,Axew,Dragon,,46,87,60,30,40,57,320,18.0,61.0,,5,Fraxure
611,611,Fraxure,Fraxure,Dragon,,66,117,70,40,50,67,410,36.0,99.1,Axew,5,Haxorus
612,612,Haxorus,Haxorus,Dragon,,76,147,90,60,70,97,540,105.5,180.3,Fraxure,5, 
613,613,Cubchoo,Cubchoo,Ice,,55,70,40,60,40,40,305,8.5,50.8,,5,Beartic
614,614,Beartic,Beartic,Ice,,95,130,80,70,80,50,505,260.0,259.1,Cubchoo,5, 
615,615,Cryogonal,Cryogonal,Ice,,80,50,50,95,135,105,515,148.0,109.2,,5, 
616,616,Shelmet,Shelmet,Bug,,50,40,85,40,65,25,305,7.7,40.6,,5,Accelgor
617,617,Accelgor,Accelgor,Bug,,80,70,40,100,60,145,495,25.3,78.7,Shelmet,5, 
618,618,Stunfisk,Stunfisk,Ground,Electric,109,66,84,81,99,32,471,11.0,71.1,,5, 
619,619,Mienfoo,Mienfoo,Fighting,,45,85,50,55,50,65,350,20.0,88.9,,5,Mienshao
620,620,Mienshao,Mienshao,Fighting,,65,125,60,95,60,105,510,35.5,139.7,Mienfoo,5, 
621,621,Druddigon,Druddigon,Dragon,,77,120,90,60,90,48,485,139.0,160.0,,5, 
622,622,Golett,Golett,Ground,Ghost,59,74,50,35,50,35,303,92.0,99.1,,5,Golurk
623,623,Golurk,Golurk,Ground,Ghost,89,124,80,55,80,55,483,330.0,279.4,Golett,5, 
624,624,Pawniard,Pawniard,Dark,Steel,45,85,70,40,40,60,340,10.2,50.8,,5,Bisharp
625,625,Bisharp,Bisharp,Dark,Steel,65,125,100,60,70,70,490,70.0,160.0,Pawniard,5, 
626,626,Bouffalant,Bouffalant,Normal,,95,110,95,40,95,55,490,94.6,160.0,,5, 
627,627,Rufflet,Rufflet,Normal,Flying,70,83,50,37,50,60,350,10.5,50.8,,5,Braviary
628,628,Braviary,Braviary,Normal,Flying,100,123,75,57,75,80,510,41.0,149.9,Rufflet,5, 
629,629,Vullaby,Vullaby,Dark,Flying,70,55,75,45,65,60,370,9.0,50.8,,5,Mandibuzz
630,630,Mandibuzz,Mandibuzz,Dark,Flying,110,65,105,55,95,80,510,39.5,119.4,Vullaby,5, 
631,631,Heatmor,Heatmor,Fire,,85,97,66,105,66,65,484,58.0,139.7,,5, 
632,632,Durant,Durant,Bug,Steel,58,109,112,48,48,109,484,33.0,30.5,,5, 
633,633,Deino,Deino,Dark,Dragon,52,65,50,45,50,38,300,17.3,78.7,,5,Zweilous
634,634,Zweilous,Zweilous,Dark,Dragon,72,85,70,65,70,58,420,50.0,139.7,Deino,5,Hydreigon
635,635,Hydreigon,Hydreigon,Dark,Dragon,92,105,90,125,90,98,600,160.0,180.3,Zweilous,5, 
636,636,Larvesta,Larvesta,Bug,Fire,55,85,55,50,55,60,360,28.8,109.2,,5,Volcarona
637,637,Volcarona,Volcarona,Bug,Fire,85,60,65,135,105,100,550,46.0,160.0,Larvesta,5, 
638,638,Cobalion,Cobalion,Steel,Fighting,91,90,129,90,72,108,580,250.0,210.8,,5, 
639,639,Terrakion,Terrakion,Rock,Fighting,91,129,90,72,90,108,580,260.0,190.5,,5, 
640,640,Virizion,Virizion,Grass,Fighting,91,90,72,90,129,108,580,200.0,200.7,,5, 
641,641,Tornadus,Tornadus (Incarnate Forme),Flying,,79,115,70,125,80,111,580,63.0,149.9,,5, 
642,642,Thundurus,Thundurus (Incarnate Forme),Electric,Flying,79,115,70,125,80,111,580,61.0,149.9,,5, 
643,643,Reshiram,Reshiram,Dragon,Fire,100,120,100,150,120,90,680,330.0,320.0,,5, 
644,644,Zekrom,Zekrom,Dragon,Electric,100,150,120,120,100,90,680,345.0,289.6,,5, 
645,645,Landorus,Landorus (Incarnate Forme),Ground,Flying,89,125,90,115,80,101,600,68.0,149.9,,5, 
646,646,Kyurem,Kyurem (Kyurem),Dragon,Ice,125,130,90,130,90,95,660,325.0,299.7,,5, 
647,647,Keldeo,Keldeo (Ordinary Form),Water,Fighting,91,72,90,129,90,108,580,48.5,139.7,,5, 
648,648,Meloetta,Meloetta (Aria Forme),Normal,Psychic,100,77,77,128,128,90,600,6.5,61.0,,5, 
649,649,Genesect,Genesect (Genesect),Bug,Steel,71,120,95,120,95,99,600,82.5,149.9,,5, 
650,650,Chespin,Chespin,Grass,,56,61,65,48,45,38,313,9.0,40.6,,6,Quilladin
651,651,Quilladin,Quilladin,Grass,,61,78,95,56,58,57,405,29.0,71.1,Chespin,6,Chesnaught
652,652,Chesnaught,Chesnaught,Grass,Fighting,88,107,122,74,75,64,530,90.0,160.0,Quilladin,6, 
653,653,Fennekin,Fennekin,Fire,,40,45,40,62,60,60,307,9.4,40.6,,6,Braixen
654,654,Braixen,Braixen,Fire,,59,59,58,90,70,73,409,14.5,99.1,Fennekin,6,Delphox
655,655,Delphox,Delphox,Fire,Psychic,75,69,72,114,100,104,534,39.0,149.9,Braixen,6, 
656,656,Froakie,Froakie,Water,,41,56,40,62,44,71,314,7.0,30.5,,6,Frogadier
657,657,Frogadier,Frogadier,Water,,54,63,52,83,56,97,405,10.9,61.0,Froakie,6,Greninja
658,658,Greninja,Greninja,Water,Dark,72,95,67,103,71,122,530,40.0,149.9,Frogadier,6, 
659,659,Bunnelby,Bunnelby,Normal,,38,36,38,32,36,57,237,5.0,40.6,,6,Diggersby
660,660,Diggersby,Diggersby,Normal,Ground,85,56,77,50,77,78,423,42.4,99.1,Bunnelby,6, 
661,661,Fletchling,Fletchling,Normal,Flying,45,50,43,40,38,62,278,1.7,30.5,,6,Fletchinder
662,662,Fletchinder,Fletchinder,Fire,Flying,62,73,55,56,52,84,382,16.0,71.1,Fletchling,6,Talonflame
663,663,Talonflame,Talonflame,Fire,Flying,78,81,71,74,69,126,499,24.5,119.4,Fletchinder,6, 
664,664,Scatterbug,Scatterbug,Bug,,38,35,40,27,25,35,200,2.5,30.5,,6,Spewpa
665,665,Spewpa,Spewpa,Bug,,45,22,60,27,30,29,213,8.4,30.5,Scatterbug,6,Vivillon (Icy Snow Pattern)/Vivillon (Polar Pattern)/Vivillon (Tundra Pattern)/Vivillon (Continental Pattern)/Vivillon (Garden Pattern)/Vivillon (Elegant Pattern)/Vivillon (Meadow Pattern)/Vivillon (Modern Pattern)/Vivillon (Marine Pattern)/Vivillon (Archipelago Pattern)/Vivillon (High Plains Pattern)/Vivillon (Sandstorm Pattern)/Vivillon (River Pattern)/Vivillon (Monsoon Pattern)/Vivillon (Savanna Pattern)/Vivillon (Sun Pattern)/Vivillon (Ocean Pattern)/Vivillon (Jungle Pattern)/Vivillon (Fancy Pattern)/Vivillon (Poké Ball Pattern)
666,666,Vivillon,Vivillon (Icy Snow Pattern),Bug,Flying,80,52,50,90,50,89,411,17.0,119.4,Spewpa,6, 
667,667,Litleo,Litleo,Fire,Normal,62,50,58,73,54,72,369,13.5,61.0,,6,Pyroar
668,668,Pyroar,Pyroar,Fire,Normal,86,68,72,109,66,106,507,81.5,149.9,Litleo,6, 
669,669,Flabébé,Flabébé (Red Flower),Fairy,,44,38,39,61,79,42,303,0.1,10.2,,6,Floette (Red Flower)/Floette (Yellow Flower)/Floette (Orange Flower)/Floette (Blue Flower)/Floette (White Flower)
670,670,Floette,Floette (Red Flower),Fairy,,54,45,47,75,98,52,371,0.9,20.3,Flabébé,6,Florges (Red Flower)/Florges (Yellow Flower)/Florges (Orange Flower)/Florges (Blue Flower)/Florges (White Flower)
671,671,Florges,Florges (Red Flower),Fairy,,78,65,68,112,154,75,552,10.0,109.2,Floette,6, 
672,672,Skiddo,Skiddo,Grass,,66,65,48,62,57,52,350,31.0,88.9,,6,Gogoat
673,673,Gogoat,Gogoat,Grass,,123,100,62,97,81,68,531,91.0,170.2,Skiddo,6, 
674,674,Pancham,Pancham,Dark,,67,82,62,46,48,43,348,8.0,61.0,,6,Pangoro
675,675,Pangoro,Pangoro,Dark,Fighting,95,124,78,69,71,58,495,136.0,210.8,Pancham,6, 
676,676,Furfrou,Furfrou (Natural Form),Normal,,75,80,60,65,90,102,472,28.0,119.4,,6, 
677,677,Espurr,Espurr,Psychic,,62,48,54,63,60,68,355,3.5,30.5,,6,Meowstic (Male)/Meowstic (Female)
678,678,Meowstic,Meowstic (Male),Psychic,,74,48,76,83,81,104,466,8.5,61.0,Espurr,6, 
679,679,Honedge,Honedge,Steel,Ghost,45,80,100,35,37,28,325,2.0,78.7,,6,Doublade
680,680,Doublade,Doublade,Steel,Ghost,59,110,150,45,49,35,448,4.5,78.7,Honedge,6,Aegislash (Shield Forme)/Aegislash (Blade Forme)
681,681,Aegislash,Aegislash (Shield Forme),Steel,Ghost,60,50,150,50,150,60,520,53.0,170.2,Doublade,6, 
682,682,Spritzee,Spritzee,Fairy,,78,52,60,63,65,23,341,0.5,20.3,,6,Aromatisse
683,683,Aromatisse,Aromatisse,Fairy,,101,72,72,99,89,29,462,15.5,78.7,Spritzee,6, 
684,684,Swirlix,Swirlix,Fairy,,62,48,66,59,57,49,341,3.5,40.6,,6,Slurpuff
685,685,Slurpuff,Slurpuff,Fairy,,82,80,86,85,75,72,480,5.0,78.7,Swirlix,6, 
686,686,Inkay,Inkay,Dark,Psychic,53,54,53,37,46,45,288,3.5,40.6,,6,Malamar
687,687,Malamar,Malamar,Dark,Psychic,86,92,88,68,75,73,482,47.0,149.9,Inkay,6, 
688,688,Binacle,Binacle,Rock,Water,42,52,67,39,56,50,306,31.0,50.8,,6,Barbaracle
689,689,Barbaracle,Barbaracle,Rock,Water,72,105,115,54,86,68,500,96.0,129.5,Binacle,6, 
690,690,Skrelp,Skrelp,Poison,Water,50,60,60,60,60,30,320,7.3,50.8,,6,Dragalge
691,691,Dragalge,Dragalge,Poison,Dragon,65,75,90,97,123,44,494,81.5,180.3,Skrelp,6, 
692,692,Clauncher,Clauncher,Water,,50,53,62,58,63,44,330,8.3,50.8,,6,Clawitzer
693,693,Clawitzer,Clawitzer,Water,,71,73,88,120,89,59,500,35.3,129.5,Clauncher,6, 
694,694,Helioptile,Helioptile,Electric,Normal,44,38,33,61,43,70,289,6.0,50.8,,6,Heliolisk
695,695,Heliolisk,Heliolisk,Electric,Normal,62,55,52,109,94,109,481,21.0,99.1,Helioptile,6, 
696,696,Tyrunt,Tyrunt,Rock,Dragon,58,89,77,45,45,48,362,26.0,78.7,,6,Tyrantrum
697,697,Tyrantrum,Tyrantrum,Rock,Dragon,82,121,119,69,59,71,521,270.0,248.9,Tyrunt,6, 
698,698,Amaura,Amaura,Rock,Ice,77,59,50,67,63,46,362,25.2,129.5,,6,Aurorus
699,699,Aurorus,Aurorus,Rock,Ice,123,77,72,99,92,58,521,225.0,269.2,Amaura,6, 
700,700,Sylveon,Sylveon,Fairy,,95,65,65,110,130,60,525,23.5,99.1,Eevee,6, 
701,701,Hawlucha,Hawlucha,Fighting,Flying,78,92,75,74,63,118,500,21.5,78.7,,6, 
702,702,Dedenne,Dedenne,Electric,Fairy,67,58,57,81,67,101,431,2.2,20.3,,6, 
703,703,Carbink,Carbink,Rock,Fairy,50,50,150,50,150,50,500,5.7,30.5,,6, 
704,704,Goomy,Goomy,Dragon,,45,50,35,55,75,40,300,2.8,30.5,,6,Sliggoo
705,705,Sliggoo,Sliggoo,Dragon,,68,75,53,83,113,60,452,17.5,78.7,Goomy,6,Goodra
706,706,Goodra,Goodra,Dragon,,90,100,70,110,150,80,600,150.5,200.7,Sliggoo,6, 
707,707,Klefki,Klefki,Steel,Fairy,57,80,91,80,87,75,470,3.0,20.3,,6, 
708,708,Phantump,Phantump,Ghost,Grass,43,70,48,50,60,38,309,7.0,40.6,,6,Trevenant
709,709,Trevenant,Trevenant,Ghost,Grass,85,110,76,65,82,56,474,71.0,149.9,Phantump,6, 
710,710,Pumpkaboo,Pumpkaboo (Average Size),Ghost,Grass,49,66,70,44,55,51,335,5.0,40.6,,6,Gourgeist (Average Size)
711,711,Gourgeist,Gourgeist (Average Size),Ghost,Grass,65,90,122,58,75,84,494,12.5,88.9,Pumpkaboo (Average Size),6, 
712,712,Bergmite,Bergmite,Ice,,55,69,85,32,35,28,304,99.5,99.1,,6,Avalugg
713,713,Avalugg,Avalugg,Ice,,95,117,184,44,46,28,514,505.0,200.7,Bergmite,6, 
714,714,Noibat,Noibat,Flying,Dragon,40,30,35,45,40,55,245,8.0,50.8,,6,Noivern
715,715,Noivern,Noivern,Flying,Dragon,85,70,80,97,80,123,535,85.0,149.9,Noibat,6, 
716,716,Xerneas,Xerneas (Neutral Mode),Fairy,,126,131,95,131,98,99,680,215.0,299.7,,6, 
717,717,Yveltal,Yveltal,Dark,Flying,126,131,95,131,98,99,680,203.0,579.1,,6, 
718,718,Zygarde,Zygarde (50% Forme),Dragon,Ground,108,100,121,81,95,95,600,305.0,500.4,,6, 
719,719,Diancie,Diancie,Rock,Fairy,50,100,150,100,150,50,600,8.8,71.1,,6, 
720,720,Hoopa,Hoopa (Hoopa Confined),Psychic,Ghost,80,110,60,150,130,70,600,9.0,50.8,,6, 
721,721,Volcanion,Volcanion,Fire,Water,80,110,120,130,90,70,600,195.0,170.2,,6, 
722,722,Rowlet,Rowlet,Grass,Flying,68,55,55,50,50,42,320,1.5,30.5,,7,Dartrix
723,723,Dartrix,Dartrix,Grass,Flying,78,75,75,70,70,52,420,16.0,71.1,Rowlet,7,Decidueye
724,724,Decidueye,Decidueye,Grass,Ghost,78,107,75,100,100,70,530,36.6,160.0,Dartrix,7, 
725,725,Litten,Litten,Fire,,45,65,40,60,40,70,320,4.3,40.6,,7,Torracat
726,726,Torracat,Torracat,Fire,,65,85,50,80,50,90,420,25.0,71.1,Litten,7,Incineroar
727,727,Incineroar,Incineroar,Fire,Dark,95,115,90,80,90,60,530,83.0,180.3,Torracat,7, 
728,728,Popplio,Popplio,Water,,50,54,54,66,56,40,320,7.5,40.6,,7,Brionne
729,729,Brionne,Brionne,Water,,60,69,69,91,81,50,420,17.5,61.0,Popplio,7,Primarina
730,730,Primarina,Primarina,Water,Fairy,80,74,74,126,116,60,530,44.0,180.3,Brionne,7, 
731,731,Pikipek,Pikipek,Normal,Flying,35,75,30,30,30,65,265,1.2,30.5,,7,Trumbeak
732,732,Trumbeak,Trumbeak,Normal,Flying,55,85,50,40,50,75,355,14.8,61.0,Pikipek,7,Toucannon
733,733,Toucannon,Toucannon,Normal,Flying,80,120,75,75,75,60,485,26.0,109.2,Trumbeak,7, 
734,734,Yungoos,Yungoos,Normal,,48,70,30,30,30,45,253,6.0,40.6,,7,Gumshoos
735,735,Gumshoos,Gumshoos,Normal,,88,110,60,55,60,45,418,14.2,71.1,Yungoos,7, 
736,736,Grubbin,Grubbin,Bug,,47,62,45,55,45,46,300,4.4,40.6,,7,Charjabug
737,737,Charjabug,Charjabug,Bug,Electric,57,82,95,55,75,36,400,10.5,50.8,Grubbin,7,Vikavolt
738,738,Vikavolt,Vikavolt,Bug,Electric,77,70,90,145,75,43,500,45.0,149.9,Charjabug,7, 
739,739,Crabrawler,Crabrawler,Fighting,,47,82,57,42,47,63,338,7.0,61.0,,7,Crabominable
740,740,Crabominable,Crabominable,Fighting,Ice,97,132,77,62,67,43,478,180.0,170.2,Crabrawler,7, 
741,741,Oricorio,Oricorio (Baile Style),Fire,Flying,75,70,70,98,70,93,476,3.4,61.0,,7, 
742,742,Cutiefly,Cutiefly,Bug,Fairy,40,45,40,55,40,84,304,0.2,10.2,,7,Ribombee
743,743,Ribombee,Ribombee,Bug,Fairy,60,55,60,95,70,124,464,0.5,20.3,Cutiefly,7, 
744,744,Rockruff,Rockruff,Rock,,45,65,40,30,40,60,280,9.2,50.8,,7,Lycanroc (Midday Form)/Lycanroc (Midnight Form)
745,745,Lycanroc,Lycanroc (Midday Form),Rock,,75,115,65,55,65,112,487,25.0,78.7,Rockruff,7, 
746,746,Wishiwashi,Wishiwashi (Solo Form),Water,,45,20,20,25,25,40,175,0.3,20.3,,7, 
747,747,Mareanie,Mareanie,Poison,Water,50,53,62,43,52,45,305,8.0,40.6,,7,Toxapex
748,748,Toxapex,Toxapex,Poison,Water,50,63,152,53,142,35,495,14.5,71.1,Mareanie,7, 
749,749,Mudbray,Mudbray,Ground,,70,100,70,45,55,45,385,110.0,99.1,,7,Mudsdale
750,750,Mudsdale,Mudsdale,Ground,,100,125,100,55,85,35,500,920.0,248.9,Mudbray,7, 
751,751,Dewpider,Dewpider,Water,Bug,38,40,52,40,72,27,269,4.0,30.5,,7,Araquanid
752,752,Araquanid,Araquanid,Water,Bug,68,70,92,50,132,42,454,82.0,180.3,Dewpider,7, 
753,753,Fomantis,Fomantis,Grass,,40,55,35,50,35,35,250,1.5,30.5,,7,Lurantis
754,754,Lurantis,Lurantis,Grass,,70,105,90,80,90,45,480,18.5,88.9,Fomantis,7, 
755,755,Morelull,Morelull,Grass,Fairy,40,35,55,65,75,15,285,1.5,20.3,,7,Shiinotic
756,756,Shiinotic,Shiinotic,Grass,Fairy,60,45,80,90,100,30,405,11.5,99.1,Morelull,7, 
757,757,Salandit,Salandit,Poison,Fire,48,44,40,71,40,77,320,4.8,61.0,,7,Salazzle
758,758,Salazzle,Salazzle,Poison,Fire,68,64,60,111,60,117,480,22.2,119.4,Salandit,7, 
759,759,Stufful,Stufful,Normal,Fighting,70,75,50,45,50,50,340,6.8,50.8,,7,Bewear
760,760,Bewear,Bewear,Normal,Fighting,120,125,80,55,60,60,500,135.0,210.8,Stufful,7, 
761,761,Bounsweet,Bounsweet,Grass,,42,30,38,30,38,32,210,3.2,30.5,,7,Steenee
762,762,Steenee,Steenee,Grass,,52,40,48,40,48,62,290,8.2,71.1,Bounsweet,7,Tsareena
763,763,Tsareena,Tsareena,Grass,,72,120,98,50,98,72,510,21.4,119.4,Steenee,7, 
764,764,Comfey,Comfey,Fairy,,51,52,90,82,110,100,485,0.3,10.2,,7, 
765,765,Oranguru,Oranguru,Normal,Psychic,90,60,80,90,110,60,490,76.0,149.9,,7, 
766,766,Passimian,Passimian,Fighting,,100,120,90,40,60,80,490,82.8,200.7,,7, 
767,767,Wimpod,Wimpod,Bug,Water,25,35,40,20,30,80,230,12.0,50.8,,7,Golisopod
768,768,Golisopod,Golisopod,Bug,Water,75,125,140,60,90,40,530,108.0,200.7,Wimpod,7, 
769,769,Sandygast,Sandygast,Ghost,Ground,55,55,80,70,45,15,320,70.0,50.8,,7,Palossand
770,770,Palossand,Palossand,Ghost,Ground,85,75,110,100,75,35,480,250.0,129.5,Sandygast,7, 
771,771,Pyukumuku,Pyukumuku,Water,,55,60,130,30,130,5,410,1.2,30.5,,7, 
772,772,Type: Null,Type: Null,Normal,,95,95,95,95,95,59,534,120.5,190.5,,7,Silvally (Type: Normal)/Silvally (Type: Fighting)/Silvally (Type: Flying)/Silvally (Type: Poison)/Silvally (Type: Ground)/Silvally (Type: Rock)/Silvally (Type: Bug)/Silvally (Type: Ghost)/Silvally (Type: Steel)/Silvally (Type: Fire)/Silvally (Type: Water)/Silvally (Type: Grass)/Silvally (Type: Electric)/Silvally (Type: Psychic)/Silvally (Type: Ice)/Silvally (Type: Dragon)/Silvally (Type: Dark)/Silvally (Type: Fairy)
773,773,Silvally,Silvally (Type: Normal),Normal,,95,95,95,95,95,95,570,100.5,231.1,Type: Null,7, 
774,774,Minior,Minior (Meteor Form),Rock,Flying,60,60,100,60,100,60,440,40.0,30.5,,7, 
775,775,Komala,Komala,Normal,,65,115,65,75,95,65,480,19.9,40.6,,7, 
776,776,Turtonator,Turtonator,Fire,Dragon,60,78,135,91,85,36,485,212.0,200.7,,7, 
777,777,Togedemaru,Togedemaru,Electric,Steel,65,98,63,40,73,96,435,3.3,30.5,,7, 
778,778,Mimikyu,Mimikyu (Disguised Form),Ghost,Fairy,55,90,80,50,105,96,476,0.7,20.3,,7, 
779,779,Bruxish,Bruxish,Water,Psychic,68,105,70,70,70,92,475,19.0,88.9,,7, 
780,780,Drampa,Drampa,Normal,Dragon,78,60,85,135,91,36,485,185.0,299.7,,7, 
781,781,Dhelmise,Dhelmise,Ghost,Grass,70,131,100,86,90,40,517,210.0,391.2,,7, 
782,782,Jangmo-o,Jangmo-o,Dragon,,45,55,65,45,45,45,300,29.7,61.0,,7,Hakamo-o
783,783,Hakamo-o,Hakamo-o,Dragon,Fighting,55,75,90,65,70,65,420,47.0,119.4,Jangmo-o,7,Kommo-o
784,784,Kommo-o,Kommo-o,Dragon,Fighting,75,110,125,100,105,85,600,78.2,160.0,Hakamo-o,7, 
785,785,Tapu Koko,Tapu Koko,Electric,Fairy,70,115,85,95,75,130,570,20.5,180.3,,7, 
786,786,Tapu Lele,Tapu Lele,Psychic,Fairy,70,85,75,130,115,95,570,18.6,119.4,,7, 
787,787,Tapu Bulu,Tapu Bulu,Grass,Fairy,70,130,115,85,95,75,570,45.5,190.5,,7, 
788,788,Tapu Fini,Tapu Fini,Water,Fairy,70,75,115,95,130,85,570,21.2,129.5,,7, 
789,789,Cosmog,Cosmog,Psychic,,43,29,31,29,31,37,200,0.1,20.3,,7,Cosmoem
790,790,Cosmoem,Cosmoem,Psychic,,43,29,131,29,131,37,400,999.9,10.2,Cosmog,7,Solgaleo/Lunala
791,791,Solgaleo,Solgaleo,Psychic,Steel,137,137,107,113,89,97,680,230.0,340.4,Cosmoem,7, 
792,792,Lunala,Lunala,Psychic,Ghost,137,113,89,137,107,97,680,120.0,398.8,Cosmoem,7, 
793,793,Nihilego,Nihilego,Rock,Poison,109,53,47,127,131,103,570,55.5,119.4,,7, 
794,794,Buzzwole,Buzzwole,Bug,Fighting,107,139,139,53,53,79,570,333.6,238.8,,7, 
795,795,Pheromosa,Pheromosa,Bug,Fighting,71,137,37,137,37,151,570,25.0,180.3,,7, 
796,796,Xurkitree,Xurkitree,Electric,,83,89,71,173,71,83,570,100.0,381.0,,7, 
797,797,Celesteela,Celesteela,Steel,Flying,97,101,103,107,101,61,570,999.9,919.5,,7, 
798,798,Kartana,Kartana,Grass,Steel,59,181,131,59,31,109,570,0.1,30.5,,7, 
799,799,Guzzlord,Guzzlord,Dark,Dragon,223,101,53,97,53,43,570,888.0,551.2,,7, 
800,800,Necrozma,Necrozma,Psychic,,97,107,101,127,89,79,600,230.0,238.8,,7, 
801,801,Magearna,Magearna,Steel,Fairy,80,95,115,130,115,65,600,80.5,99.1,,7, 
802,802,Marshadow,Marshadow,Fighting,Ghost,90,125,80,90,90,125,600,22.2,71.1,,7, 
804,3,Venusaur,Venusaur (Mega Venusaur),Grass,Poison,80,100,123,122,120,80,625,155.5,238.8,Ivysaur,6, 
805,6,Charizard,Charizard (Mega Charizard X),Fire,Dragon,78,130,111,130,85,100,634,110.5,170.2,Charmeleon,6, 
806,6,Charizard,Charizard (Mega Charizard Y),Fire,Flying,78,104,78,159,115,100,634,100.5,170.2,Charmeleon,6, 
807,9,Blastoise,Blastoise (Mega Blastoise),Water,,79,103,120,135,115,78,630,101.1,160.0,Wartortle,6, 
808,15,Beedrill,Beedrill (Mega Beedrill),Bug,Poison,65,150,40,15,80,145,495,40.5,139.7,Kakuna,6, 
809,18,Pidgeot,Pidgeot (Mega Pidgeot),Normal,Flying,83,80,80,135,80,121,579,50.5,221.0,Pidgeotto,6, 
810,19,Rattata,Rattata (Alola Form),Dark,Normal,30,56,35,25,35,72,253,3.8,30.5,,7, 
811,20,Raticate,Raticate (Alola Form),Dark,Normal,75,71,70,40,80,77,413,25.5,71.1,Rattata,7, 
812,20,Raticate,Raticate (1),Dark,Normal,75,71,70,40,80,77,413,25.5,71.1,,1, 
813,25,Pikachu,Pikachu (Original Cap),Electric,,35,55,40,50,50,90,320,6.0,40.6,,1, 
814,25,Pikachu,Pikachu (Hoenn Cap),Electric,,35,55,40,50,50,90,320,6.0,40.6,,1, 
815,25,Pikachu,Pikachu (Sinnoh Cap),Electric,,35,55,40,50,50,90,320,6.0,40.6,,1, 
816,25,Pikachu,Pikachu (Unova Cap),Electric,,35,55,40,50,50,90,320,6.0,40.6,,1, 
817,25,Pikachu,Pikachu (Kalos Cap),Electric,,35,55,40,50,50,90,320,6.0,40.6,,1, 
818,25,Pikachu,Pikachu (Alola Cap),Electric,,35,55,40,50,50,90,320,6.0,40.6,,7, 
819,26,Raichu,Raichu (Alola Form),Electric,Psychic,60,85,50,95,85,110,485,21.0,71.1,Pikachu,7, 
820,27,Sandshrew,Sandshrew (Alola Form),Ice,Steel,50,75,90,10,35,40,300,40.0,71.1,,7, 
821,28,Sandslash,Sandslash (Alola Form),Ice,Steel,75,100,120,25,65,65,450,55.0,119.4,Sandshrew (Alola Form),7,Sandslash (Alola Form)
822,37,Vulpix,Vulpix (Alola Form),Ice,,38,41,40,50,65,65,299,9.9,61.0,,7, 
823,38,Ninetales,Ninetales (Alola Form),Ice,Fairy,73,67,75,81,100,109,505,19.9,109.2,Vulpix (Alola Form),7,Ninetales (Alola Form)
824,50,Diglett,Diglett (Alola Form),Ground,Steel,10,55,30,35,45,90,265,1.0,20.3,,7, 
825,51,Dugtrio,Dugtrio (Alola Form),Ground,Steel,35,100,60,50,70,110,425,66.6,71.1,Diglett (Alola Form),7,Dugtrio (Alola Form)
826,52,Meowth,Meowth (Alola Form),Dark,,40,35,35,50,40,90,290,4.2,40.6,,7, 
827,53,Persian,Persian (Alola Form),Dark,,65,60,60,75,65,115,440,33.0,109.2,Meowth (Alola Form),7,Persian (Alola Form)
828,65,Alakazam,Alakazam (Mega Alakazam),Psychic,,55,50,65,175,95,150,590,48.0,119.4,Kadabra,6, 
829,74,Geodude,Geodude (Alola Form),Rock,Electric,40,80,100,30,30,20,300,20.3,40.6,,7, 
830,75,Graveler,Graveler (Alola Form),Rock,Electric,55,95,115,45,45,35,390,110.0,99.1,Geodude (Alola Form),7,Graveler (Alola Form)
831,76,Golem,Golem (Alola Form),Rock,Electric,80,120,130,55,65,45,495,316.0,170.2,Graveler (Alola Form),7,Golem (Alola Form)
832,80,Slowbro,Slowbro (Mega Slowbro),Water,Psychic,95,75,180,130,80,30,590,120.0,200.7,Slowpoke,6, 
833,88,Grimer,Grimer (Alola Form),Poison,Dark,80,80,50,40,50,25,325,42.0,71.1,,7, 
834,89,Muk,Muk (Alola Form),Poison,Dark,105,105,75,65,100,50,500,52.0,99.1,Grimer,7, 
835,94,Gengar,Gengar (Mega Gengar),Ghost,Poison,60,65,80,170,95,130,600,40.5,139.7,Haunter,6, 
836,103,Exeggutor,Exeggutor (Alola Form),Grass,Dragon,95,105,85,125,75,45,530,415.6,1089.7,Exeggcute,7, 
837,105,Marowak,Marowak (Alola Form),Fire,Ghost,60,80,110,50,80,45,425,34.0,99.1,Cubone,7, 
838,115,Kangaskhan,Kangaskhan (Mega Kangaskhan),Normal,,105,125,100,60,100,100,590,100.0,221.0,,6, 
839,127,Pinsir,Pinsir (Mega Pinsir),Bug,,65,155,120,65,90,105,600,59.0,170.2,,6, 
840,130,Gyarados,Gyarados (Mega Gyarados),Water,Flying,95,155,109,70,130,81,640,305.0,650.2,Magikarp,6, 
841,142,Aerodactyl,Aerodactyl (Mega Aerodactyl),Rock,Flying,80,135,85,70,95,150,615,79.0,210.8,,6, 
842,150,Mewtwo,Mewtwo (Mega Mewtwo X),Psychic,Fighting,106,190,100,154,100,130,780,127.0,231.1,,6, 
843,150,Mewtwo,Mewtwo (Mega Mewtwo Y),Psychic,,106,150,70,194,120,140,780,33.0,149.9,,6, 
844,181,Ampharos,Ampharos (Mega Ampharos),Electric,,90,95,105,165,110,45,610,61.5,139.7,Flaaffy,6, 
845,201,Unown,Unown (One form),Psychic,,48,72,48,72,48,48,336,5.0,50.8,,2, 
846,201,Unown,Unown (One form),Psychic,,48,72,48,72,48,48,336,5.0,50.8,,2, 
847,201,Unown,Unown (One form),Psychic,,48,72,48,72,48,48,336,5.0,50.8,,2, 
848,201,Unown,Unown (One form),Psychic,,48,72,48,72,48,48,336,5.0,50.8,,2, 
849,201,Unown,Unown (One form),Psychic,,48,72,48,72,48,48,336,5.0,50.8,,2, 
850,201,Unown,Unown (One form),Psychic,,48,72,48,72,48,48,336,5.0,50.8,,2, 
851,201,Unown,Unown (One form),Psychic,,48,72,48,72,48,48,336,5.0,50.8,,2, 
852,201,Unown,Unown (One form),Psychic,,48,72,48,72,48,48,336,5.0,50.8,,2, 
853,201,Unown,Unown (One form),Psychic,,48,72,48,72,48,48,336,5.0,50.8,,2, 
854,201,Unown,Unown (One form),Psychic,,48,72,48,72,48,48,336,5.0,50.8,,2, 
855,201,Unown,Unown (One form),Psychic,,48,72,48,72,48,48,336,5.0,50.8,,2, 
856,201,Unown,Unown (One form),Psychic,,48,72,48,72,48,48,336,5.0,50.8,,2, 
857,201,Unown,Unown (One form),Psychic,,48,72,48,72,48,48,336,5.0,50.8,,2, 
858,201,Unown,Unown (One form),Psychic,,48,72,48,72,48,48,336,5.0,50.8,,2, 
859,201,Unown,Unown (One form),Psychic,,48,72,48,72,48,48,336,5.0,50.8,,2, 
860,201,Unown,Unown (One form),Psychic,,48,72,48,72,48,48,336,5.0,50.8,,2, 
861,201,Unown,Unown (One form),Psychic,,48,72,48,72,48,48,336,5.0,50.8,,2, 
862,201,Unown,Unown (One form),Psychic,,48,72,48,72,48,48,336,5.0,50.8,,2, 
863,201,Unown,Unown (One form),Psychic,,48,72,48,72,48,48,336,5.0,50.8,,2, 
864,201,Unown,Unown (One form),Psychic,,48,72,48,72,48,48,336,5.0,50.8,,2, 
865,201,Unown,Unown (One form),Psychic,,48,72,48,72,48,48,336,5.0,50.8,,2, 
866,201,Unown,Unown (One form),Psychic,,48,72,48,72,48,48,336,5.0,50.8,,2, 
867,201,Unown,Unown (One form),Psychic,,48,72,48,72,48,48,336,5.0,50.8,,2, 
868,201,Unown,Unown (One form),Psychic,,48,72,48,72,48,48,336,5.0,50.8,,2, 
869,201,Unown,Unown (One form),Psychic,,48,72,48,72,48,48,336,5.0,50.8,,2, 
870,201,Unown,Unown (One form),Psychic,,48,72,48,72,48,48,336,5.0,50.8,,2, 
871,201,Unown,Unown (One form),Psychic,,48,72,48,72,48,48,336,5.0,50.8,,2, 
872,208,Steelix,Steelix (Mega Steelix),Steel,Ground,75,125,230,55,95,30,610,740.0,1049.0,Onix,6, 
873,212,Scizor,Scizor (Mega Scizor),Bug,Steel,70,150,140,65,100,75,600,125.0,200.7,Scyther,6, 
874,214,Heracross,Heracross (Mega Heracross),Bug,Fighting,80,185,115,40,105,75,600,62.5,170.2,,6, 
875,229,Houndoom,Houndoom (Mega Houndoom),Dark,Fire,75,90,90,140,90,115,600,49.5,190.5,Houndour,6, 
876,248,Tyranitar,Tyranitar (Mega Tyranitar),Rock,Dark,100,164,150,95,120,71,700,255.0,248.9,Pupitar,6, 
877,254,Sceptile,Sceptile (Mega Sceptile),Grass,,70,110,75,145,85,145,630,55.2,190.5,Grovyle,6, 
878,257,Blaziken,Blaziken (Mega Blaziken),Fire,Fighting,80,160,80,130,80,100,630,52.0,190.5,Combusken,6, 
879,260,Swampert,Swampert (Mega Swampert),Water,Ground,100,150,110,95,110,70,635,102.0,190.5,Marshtomp,6, 
880,282,Gardevoir,Gardevoir (Mega Gardevoir),Psychic,Fairy,68,85,65,165,135,100,618,48.4,160.0,Kirlia,6, 
881,302,Sableye,Sableye (Mega Sableye),Dark,Ghost,50,85,125,85,115,20,480,161.0,50.8,,6, 
882,303,Mawile,Mawile (Mega Mawile),Steel,Fairy,50,105,125,55,95,50,480,23.5,99.1,,6, 
883,306,Aggron,Aggron (Mega Aggron),Steel,Rock,70,140,230,60,80,50,630,395.0,221.0,Lairon,6, 
884,308,Medicham,Medicham (Mega Medicham),Fighting,Psychic,60,100,85,80,85,100,510,31.5,129.5,Meditite,6, 
885,310,Manectric,Manectric (Mega Manectric),Electric,,70,75,80,135,80,135,575,44.0,180.3,Electrike,6, 
886,319,Sharpedo,Sharpedo (Mega Sharpedo),Water,Dark,70,140,70,110,65,105,560,130.3,248.9,Carvanha,6, 
887,323,Camerupt,Camerupt (Mega Camerupt),Fire,Ground,70,120,100,145,105,20,560,320.5,248.9,Numel,6, 
888,334,Altaria,Altaria (Mega Altaria),Dragon,Fairy,75,110,110,110,105,80,590,20.6,149.9,Swablu,6, 
889,351,Castform,Castform (Sunny Form),Fire,,70,70,70,70,70,70,420,0.8,30.5,,3, 
890,351,Castform,Castform (Rainy Form),Water,,70,70,70,70,70,70,420,0.8,30.5,,3, 
891,351,Castform,Castform (Snowy Form),Ice,,70,70,70,70,70,70,420,0.8,30.5,,3, 
892,354,Banette,Banette (Mega Banette),Ghost,,64,165,75,93,83,75,555,13.0,119.4,Shuppet,6, 
893,359,Absol,Absol (Mega Absol),Dark,,65,150,60,115,60,115,565,49.0,119.4,,6, 
894,362,Glalie,Glalie (Mega Glalie),Ice,,80,120,80,120,80,100,580,350.2,210.8,Snorunt,6, 
895,373,Salamence,Salamence (Mega Salamence),Dragon,Flying,95,145,130,120,90,120,700,112.6,180.3,Shelgon,6, 
896,376,Metagross,Metagross (Mega Metagross),Steel,Psychic,80,145,150,105,110,110,700,942.9,248.9,Metang,6, 
897,380,Latias,Latias (Mega Latias),Dragon,Psychic,80,100,120,140,150,110,700,52.0,180.3,,6, 
898,381,Latios,Latios (Mega Latios),Dragon,Psychic,80,130,100,160,120,110,700,70.0,231.1,,6, 
899,383,Kyogre,Kyogre (Primal Reversion),Water,,100,150,90,180,160,90,770,430.0,980.4,,3, 
900,382,Groudon,Groudon (Primal Reversion),Ground,Fire,100,180,160,150,90,90,770,999.7,500.4,,3, 
901,384,Rayquaza,Rayquaza (Mega Rayquaza),Dragon,Flying,105,180,100,180,100,115,780,392.0,1079.5,,6, 
902,386,Deoxys,Deoxys (Attack Forme),Psychic,,50,180,20,180,20,150,600,60.8,170.2,,3, 
903,386,Deoxys,Deoxys (Defense Forme),Psychic,,50,70,160,70,160,90,600,60.8,170.2,,3, 
904,386,Deoxys,Deoxys (Speed Forme),Psychic,,50,95,90,95,90,180,600,60.8,170.2,,3, 
905,412,Burmy,Burmy (Sandy Cloak),Bug,,40,29,45,29,45,36,224,3.4,20.3,,4, 
906,412,Burmy,Burmy (Trash Cloak),Bug,,40,29,45,29,45,36,224,3.4,20.3,,4, 
907,413,Wormadam,Wormadam (Sandy Cloak),Bug,Ground,60,79,105,59,85,36,424,6.5,50.8,Burmy,4, 
908,413,Wormadam,Wormadam (Trash Cloak),Bug,Steel,60,69,95,69,95,36,424,6.5,50.8,Burmy,4, 
909,421,Cherrim,Cherrim (Sunshine Form),Grass,,70,60,70,87,78,85,450,9.3,50.8,Cherubi,4, 
910,422,Shellos,Shellos (East Sea),Water,,76,48,48,57,62,34,325,6.3,30.5,,4, 
911,423,Gastrodon,Gastrodon (East Sea),Water,Ground,111,83,68,92,82,39,475,29.9,88.9,Shellos (East Sea),4,Gastrodon (East Sea)
912,428,Lopunny,Lopunny (Mega Lopunny),Normal,Fighting,65,136,94,54,96,135,580,28.3,129.5,Buneary,6, 
913,445,Garchomp,Garchomp (Mega Garchomp),Dragon,Ground,108,170,115,120,95,92,700,95.0,190.5,Gabite,6, 
914,448,Lucario,Lucario (Mega Lucario),Fighting,Steel,70,145,88,140,70,112,625,57.5,129.5,Riolu,6, 
915,460,Abomasnow,Abomasnow (Mega Abomasnow),Grass,Ice,90,132,105,132,105,30,594,185.0,269.2,Snover,6, 
916,475,Gallade,Gallade (Mega Gallade),Psychic,Fighting,68,165,95,65,115,110,618,56.4,160.0,Kirlia,6, 
917,479,Rotom,Rotom (Heat Rotom),Electric,Fire,50,65,107,105,107,86,520,0.3,30.5,,4, 
918,479,Rotom,Rotom (Wash Rotom),Electric,Water,50,65,107,105,107,86,520,0.3,30.5,,4, 
919,479,Rotom,Rotom (Frost Rotom),Electric,Ice,50,65,107,105,107,86,520,0.3,30.5,,4, 
920,479,Rotom,Rotom (Fan Rotom),Electric,Flying,50,65,107,105,107,86,520,0.3,30.5,,4, 
921,479,Rotom,Rotom (Mow Rotom),Electric,Grass,50,65,107,105,107,86,520,0.3,30.5,,4, 
922,487,Giratina,Giratina (Origin Forme),Ghost,Dragon,150,120,100,120,100,90,680,650.0,690.9,,4, 
923,492,Shaymin,Shaymin (Sky Forme),Grass,Flying,100,103,75,120,75,127,600,5.2,40.6,,4, 
924,493,Arceus,Arceus (Fighting),Fighting,,120,120,120,120,120,120,720,320.0,320.0,,4, 
925,493,Arceus,Arceus (Flying),Flying,,120,120,120,120,120,120,720,320.0,320.0,,4, 
926,493,Arceus,Arceus (Poison),Poison,,120,120,120,120,120,120,720,320.0,320.0,,4, 
927,493,Arceus,Arceus (Ground),Ground,,120,120,120,120,120,120,720,320.0,320.0,,4, 
928,493,Arceus,Arceus (Rock),Rock,,120,120,120,120,120,120,720,320.0,320.0,,4, 
929,493,Arceus,Arceus (Bug),Bug,,120,120,120,120,120,120,720,320.0,320.0,,4, 
930,493,Arceus,Arceus (Ghost),Ghost,,120,120,120,120,120,120,720,320.0,320.0,,4, 
931,493,Arceus,Arceus (Steel),Steel,,120,120,120,120,120,120,720,320.0,320.0,,4, 
932,493,Arceus,Arceus (Fire),Fire,,120,120,120,120,120,120,720,320.0,320.0,,4, 
933,493,Arceus,Arceus (Water),Water,,120,120,120,120,120,120,720,320.0,320.0,,4, 
934,493,Arceus,Arceus (Grass),Grass,,120,120,120,120,120,120,720,320.0,320.0,,4, 
935,493,Arceus,Arceus (Electric),Electric,,120,120,120,120,120,120,720,320.0,320.0,,4, 
936,493,Arceus,Arceus (Psychic),Psychic,,120,120,120,120,120,120,720,320.0,320.0,,4, 
937,493,Arceus,Arceus (Ice),Ice,,120,120,120,120,120,120,720,320.0,320.0,,4, 
938,493,Arceus,Arceus (Dragon),Dragon,,120,120,120,120,120,120,720,320.0,320.0,,4, 
939,493,Arceus,Arceus (Dark),Dark,,120,120,120,120,120,120,720,320.0,320.0,,4, 
940,493,Arceus,Arceus (Fairy),Fairy,,120,120,120,120,120,120,720,320.0,320.0,,4, 
941,531,Audino,Audino (Mega Audino),Normal,Fairy,103,60,126,80,126,50,545,32.0,149.9,,6, 
942,550,Basculin,Basculin (Blue-Striped Form),Water,,70,92,65,80,55,98,460,18.0,99.1,,5, 
943,555,Darmanitan,Darmanitan (Zen Mode),Fire,Psychic,105,30,105,140,105,55,540,92.9,129.5,Darumaka,5, 
944,585,Deerling,Deerling (Summer Form),Normal,Grass,60,60,50,40,50,75,335,19.5,61.0,,5, 
945,585,Deerling,Deerling (Autumn Form),Normal,Grass,60,60,50,40,50,75,335,19.5,61.0,,5, 
946,585,Deerling,Deerling (Winter Form),Normal,Grass,60,60,50,40,50,75,335,19.5,61.0,,5, 
947,586,Sawsbuck,Sawsbuck (Summer Form),Normal,Grass,80,100,70,60,70,95,475,92.5,190.5,Deerling,5, 
948,586,Sawsbuck,Sawsbuck (Autumn Form),Normal,Grass,80,100,70,60,70,95,475,92.5,190.5,Deerling,5, 
949,586,Sawsbuck,Sawsbuck (Winter Form),Normal,Grass,80,100,70,60,70,95,475,92.5,190.5,Deerling,5, 
950,641,Tornadus,Tornadus (Therian Forme),Flying,,79,100,80,110,90,121,580,63.0,139.7,,5, 
951,642,Thundurus,Thundurus (Therian Forme),Electric,Flying,79,105,70,145,80,101,580,61.0,299.7,,5, 
952,645,Landorus,Landorus (Therian Forme),Ground,Flying,89,145,90,105,80,91,600,68.0,129.5,,5, 
953,646,Kyurem,Kyurem (White Kyurem),Dragon,Ice,125,120,90,170,100,95,700,325.0,360.7,,5, 
954,646,Kyurem,Kyurem (Black Kyurem),Dragon,Ice,125,170,100,120,90,95,700,325.0,330.2,,5, 
955,647,Keldeo,Keldeo (Resolute Form),Water,Fighting,91,72,90,129,90,108,580,48.5,139.7,,5, 
956,648,Meloetta,Meloetta (Pirouette Forme),Normal,Fighting,100,128,90,77,77,128,600,6.5,61.0,,5, 
957,649,Genesect,Genesect (Genesect),Bug,Steel,71,120,95,120,95,99,600,82.5,149.9,,5, 
958,649,Genesect,Genesect (Genesect),Bug,Steel,71,120,95,120,95,99,600,82.5,149.9,,5, 
959,649,Genesect,Genesect (Genesect),Bug,Steel,71,120,95,120,95,99,600,82.5,149.9,,5, 
960,649,Genesect,Genesect (Genesect),Bug,Steel,71,120,95,120,95,99,600,82.5,149.9,,5, 
961,658,Greninja,Greninja (Battle Bond),Water,Dark,72,95,67,103,71,122,530,40.0,149.9,,6, 
962,658,Greninja,Greninja (Ash-Greninja),Water,Dark,72,145,67,153,71,132,640,40.0,149.9,,6, 
963,666,Vivillon,Vivillon (Polar Pattern),Bug,Flying,80,52,50,90,50,89,411,17.0,119.4,Spewpa,6, 
964,666,Vivillon,Vivillon (Tundra Pattern),Bug,Flying,80,52,50,90,50,89,411,17.0,119.4,Spewpa,6, 
965,666,Vivillon,Vivillon (Continental Pattern),Bug,Flying,80,52,50,90,50,89,411,17.0,119.4,Spewpa,6, 
966,666,Vivillon,Vivillon (Garden Pattern),Bug,Flying,80,52,50,90,50,89,411,17.0,119.4,Spewpa,6, 
967,666,Vivillon,Vivillon (Elegant Pattern),Bug,Flying,80,52,50,90,50,89,411,17.0,119.4,Spewpa,6, 
968,666,Vivillon,Vivillon (Meadow Pattern),Bug,Flying,80,52,50,90,50,89,411,17.0,119.4,Spewpa,6, 
969,666,Vivillon,Vivillon (Modern Pattern),Bug,Flying,80,52,50,90,50,89,411,17.0,119.4,Spewpa,6, 
970,666,Vivillon,Vivillon (Marine Pattern),Bug,Flying,80,52,50,90,50,89,411,17.0,119.4,Spewpa,6, 
971,666,Vivillon,Vivillon (Archipelago Pattern),Bug,Flying,80,52,50,90,50,89,411,17.0,119.4,Spewpa,6, 
972,666,Vivillon,Vivillon (High Plains Pattern),Bug,Flying,80,52,50,90,50,89,411,17.0,119.4,Spewpa,6, 
973,666,Vivillon,Vivillon (Sandstorm Pattern),Bug,Flying,80,52,50,90,50,89,411,17.0,119.4,Spewpa,6, 
974,666,Vivillon,Vivillon (River Pattern),Bug,Flying,80,52,50,90,50,89,411,17.0,119.4,Spewpa,6, 
975,666,Vivillon,Vivillon (Monsoon Pattern),Bug,Flying,80,52,50,90,50,89,411,17.0,119.4,Spewpa,6, 
976,666,Vivillon,Vivillon (Savanna Pattern),Bug,Flying,80,52,50,90,50,89,411,17.0,119.4,Spewpa,6, 
977,666,Vivillon,Vivillon (Sun Pattern),Bug,Flying,80,52,50,90,50,89,411,17.0,119.4,Spewpa,6, 
978,666,Vivillon,Vivillon (Ocean Pattern),Bug,Flying,80,52,50,90,50,89,411,17.0,119.4,Spewpa,6, 
979,666,Vivillon,Vivillon (Jungle Pattern),Bug,Flying,80,52,50,90,50,89,411,17.0,119.4,Spewpa,6, 
980,666,Vivillon,Vivillon (Fancy Pattern),Bug,Flying,80,52,50,90,50,89,411,17.0,119.4,Spewpa,6, 
981,666,Vivillon,Vivillon (Poké Ball Pattern),Bug,Flying,80,52,50,90,50,89,411,17.0,119.4,Spewpa,6, 
982,669,Flabébé,Flabébé (Yellow Flower),Fairy,,44,38,39,61,79,42,303,0.1,10.2,,6, 
983,669,Flabébé,Flabébé (Orange Flower),Fairy,,44,38,39,61,79,42,303,0.1,10.2,,6, 
984,669,Flabébé,Flabébé (Blue Flower),Fairy,,44,38,39,61,79,42,303,0.1,10.2,,6, 
985,669,Flabébé,Flabébé (White Flower),Fairy,,44,38,39,61,79,42,303,0.1,10.2,,6, 
986,670,Floette,Floette (Yellow Flower),Fairy,,54,45,47,75,98,52,371,0.9,20.3,Flabébé,6, 
987,670,Floette,Floette (Orange Flower),Fairy,,54,45,47,75,98,52,371,0.9,20.3,Flabébé,6, 
988,670,Floette,Floette (Blue Flower),Fairy,,54,45,47,75,98,52,371,0.9,20.3,Flabébé,6, 
989,670,Floette,Floette (White Flower),Fairy,,54,45,47,75,98,52,371,0.9,20.3,Flabébé,6, 
990,670,Floette,Floette (Eternal Flower),Fairy,,74,65,67,125,128,92,551,0.9,20.3,,6, 
991,671,Florges,Florges (Yellow Flower),Fairy,,78,65,68,112,154,75,552,10.0,109.2,Floette,6, 
992,671,Florges,Florges (Orange Flower),Fairy,,78,65,68,112,154,75,552,10.0,109.2,Floette,6, 
993,671,Florges,Florges (Blue Flower),Fairy,,78,65,68,112,154,75,552,10.0,109.2,Floette,6, 
994,671,Florges,Florges (White Flower),Fairy,,78,65,68,112,154,75,552,10.0,109.2,Floette,6, 
995,676,Furfrou,Furfrou (Heart Trim),Normal,,75,80,60,65,90,102,472,28.0,119.4,,6, 
996,676,Furfrou,Furfrou (Star Trim),Normal,,75,80,60,65,90,102,472,28.0,119.4,,6, 
997,676,Furfrou,Furfrou (Diamond Trim),Normal,,75,80,60,65,90,102,472,28.0,119.4,,6, 
998,676,Furfrou,Furfrou (Debutante Trim),Normal,,75,80,60,65,90,102,472,28.0,119.4,,6, 
999,676,Furfrou,Furfrou (Matron Trim),Normal,,75,80,60,65,90,102,472,28.0,119.4,,6, 
1000,676,Furfrou,Furfrou (Dandy Trim),Normal,,75,80,60,65,90,102,472,28.0,119.4,,6, 
1001,676,Furfrou,Furfrou (La Reine Trim),Normal,,75,80,60,65,90,102,472,28.0,119.4,,6, 
1002,676,Furfrou,Furfrou (Kabuki Trim),Normal,,75,80,60,65,90,102,472,28.0,119.4,,6, 
1003,676,Furfrou,Furfrou (Pharaoh Trim),Normal,,75,80,60,65,90,102,472,28.0,119.4,,6, 
1004,678,Meowstic,Meowstic (Female),Psychic,,74,48,76,83,81,104,466,8.5,61.0,Espurr,6, 
1005,681,Aegislash,Aegislash (Blade Forme),Steel,Ghost,60,150,50,150,50,60,520,53.0,170.2,Doublade,6, 
1006,710,Pumpkaboo,Pumpkaboo (Small Size),Ghost,Grass,44,66,70,44,55,56,335,3.5,30.5,,6, 
1007,710,Pumpkaboo,Pumpkaboo (Large Size),Ghost,Grass,54,66,70,44,55,46,335,7.5,50.8,,6,Gourgeist (Small Size)
1008,710,Pumpkaboo,Pumpkaboo (Super Size),Ghost,Grass,59,66,70,44,55,41,335,15.0,78.7,,6,Gourgeist (Large Size)
1009,711,Gourgeist,Gourgeist (Small Size),Ghost,Grass,55,85,122,58,75,99,494,9.5,71.1,Pumpkaboo (Small Size),6,Gourgeist (Super Size)
1010,711,Gourgeist,Gourgeist (Large Size),Ghost,Grass,75,95,122,58,75,69,494,14.0,109.2,Pumpkaboo (Large Size),6, 
1011,711,Gourgeist,Gourgeist (Super Size),Ghost,Grass,85,100,122,58,75,54,494,39.0,170.2,Pumpkaboo (Super Size),6, 
1012,716,Xerneas,Xerneas (Active Mode),Fairy,,126,131,95,131,98,99,680,215.0,299.7,,6, 
1013,718,Zygarde,Zygarde (10% Forme),Dragon,Ground,54,100,71,61,85,115,486,33.5,119.4,,6, 
1014,718,Zygarde,Zygarde (10% Forme),Dragon,Ground,54,100,71,61,85,115,486,33.5,119.4,,6, 
1015,718,Zygarde,Zygarde (50% Forme),Dragon,Ground,108,100,121,81,95,95,600,305.0,500.4,,6, 
1016,718,Zygarde,Zygarde (Complete Forme),Dragon,Ground,216,100,121,91,95,85,708,610.0,449.6,,6, 
1017,719,Diancie,Diancie (Mega Diancie),Rock,Fairy,50,160,110,160,110,110,700,27.8,109.2,,6, 
1018,720,Hoopa,Hoopa (Hoopa Unbound),Psychic,Dark,80,160,60,170,130,80,680,490.0,650.2,,6, 
1019,735,Gumshoos,Gumshoos (1),Normal,,88,110,60,55,60,45,418,14.2,71.1,,7, 
1020,738,Vikavolt,Vikavolt (1),Bug,Electric,77,70,90,145,75,43,500,45.0,149.9,,7, 
1021,741,Oricorio,Oricorio (Pom-Pom Style),Electric,Flying,75,70,70,98,70,93,476,3.4,61.0,,7, 
1022,741,Oricorio,Oricorio (Pa’u Style),Psychic,Flying,75,70,70,98,70,93,476,3.4,61.0,,7, 
1023,741,Oricorio,Oricorio (Sensu Style),Ghost,Flying,75,70,70,98,70,93,476,3.4,61.0,,7, 
1024,745,Lycanroc,Lycanroc (Midnight Form),Rock,,85,115,75,55,75,82,487,25.0,109.2,Rockruff,7, 
1025,746,Wishiwashi,Wishiwashi (School Form),Water,,45,140,130,140,135,30,620,78.6,820.4,,7, 
1026,754,Lurantis,Lurantis (1),Grass,,70,105,90,80,90,45,480,18.5,88.9,,7, 
1027,758,Salazzle,Salazzle (1),Poison,Fire,68,64,60,111,60,117,480,22.2,119.4,,7, 
1028,773,Silvally,Silvally (Type: Fighting),Fighting,,95,95,95,95,95,95,570,100.5,231.1,Type: Null,7, 
1029,773,Silvally,Silvally (Type: Flying),Flying,,95,95,95,95,95,95,570,100.5,231.1,Type: Null,7, 
1030,773,Silvally,Silvally (Type: Poison),Poison,,95,95,95,95,95,95,570,100.5,231.1,Type: Null,7, 
1031,773,Silvally,Silvally (Type: Ground),Ground,,95,95,95,95,95,95,570,100.5,231.1,Type: Null,7, 
1032,773,Silvally,Silvally (Type: Rock),Rock,,95,95,95,95,95,95,570,100.5,231.1,Type: Null,7, 
1033,773,Silvally,Silvally (Type: Bug),Bug,,95,95,95,95,95,95,570,100.5,231.1,Type: Null,7, 
1034,773,Silvally,Silvally (Type: Ghost),Ghost,,95,95,95,95,95,95,570,100.5,231.1,Type: Null,7, 
1035,773,Silvally,Silvally (Type: Steel),Steel,,95,95,95,95,95,95,570,100.5,231.1,Type: Null,7, 
1036,773,Silvally,Silvally (Type: Fire),Fire,,95,95,95,95,95,95,570,100.5,231.1,Type: Null,7, 
1037,773,Silvally,Silvally (Type: Water),Water,,95,95,95,95,95,95,570,100.5,231.1,Type: Null,7, 
1038,773,Silvally,Silvally (Type: Grass),Grass,,95,95,95,95,95,95,570,100.5,231.1,Type: Null,7, 
1039,773,Silvally,Silvally (Type: Electric),Electric,,95,95,95,95,95,95,570,100.5,231.1,Type: Null,7, 
1040,773,Silvally,Silvally (Type: Psychic),Psychic,,95,95,95,95,95,95,570,100.5,231.1,Type: Null,7, 
1041,773,Silvally,Silvally (Type: Ice),Ice,,95,95,95,95,95,95,570,100.5,231.1,Type: Null,7, 
1042,773,Silvally,Silvally (Type: Dragon),Dragon,,95,95,95,95,95,95,570,100.5,231.1,Type: Null,7, 
1043,773,Silvally,Silvally (Type: Dark),Dark,,95,95,95,95,95,95,570,100.5,231.1,Type: Null,7, 
1044,773,Silvally,Silvally (Type: Fairy),Fairy,,95,95,95,95,95,95,570,100.5,231.1,Type: Null,7, 
1045,774,Minior,Minior (Meteor Form),Rock,Flying,60,60,100,60,100,60,440,40.0,30.5,,7, 
1046,774,Minior,Minior (Meteor Form),Rock,Flying,60,60,100,60,100,60,440,40.0,30.5,,7, 
1047,774,Minior,Minior (Meteor Form),Rock,Flying,60,60,100,60,100,60,440,40.0,30.5,,7, 
1048,774,Minior,Minior (Meteor Form),Rock,Flying,60,60,100,60,100,60,440,40.0,30.5,,7, 
1049,774,Minior,Minior (Meteor Form),Rock,Flying,60,60,100,60,100,60,440,40.0,30.5,,7, 
1050,774,Minior,Minior (Meteor Form),Rock,Flying,60,60,100,60,100,60,440,40.0,30.5,,7, 
1051,774,Minior,Minior (Red Core),Rock,Flying,60,100,60,100,60,120,500,0.3,30.5,,7, 
1052,774,Minior,Minior (Orange Core),Rock,Flying,60,100,60,100,60,120,500,0.3,30.5,,7, 
1053,774,Minior,Minior (Yellow Core),Rock,Flying,60,100,60,100,60,120,500,0.3,30.5,,7, 
1054,774,Minior,Minior (Green Core),Rock,Flying,60,100,60,100,60,120,500,0.3,30.5,,7, 
1055,774,Minior,Minior (Blue Core),Rock,Flying,60,100,60,100,60,120,500,0.3,30.5,,7, 
1056,774,Minior,Minior (Indigo Core),Rock,Flying,60,100,60,100,60,120,500,0.3,30.5,,7, 
1057,774,Minior,Minior (Violet Core),Rock,Flying,60,100,60,100,60,120,500,0.3,30.5,,7, 
1058,778,Mimikyu,Mimikyu (Busted Form),Ghost,Fairy,60,100,60,100,60,120,500,0.7,20.3,,7, 
1059,778,Mimikyu,Mimikyu (2),Ghost,Fairy,60,100,60,100,60,120,500,0.7,20.3,,7, 
1060,778,Mimikyu,Mimikyu (3),Ghost,Fairy,60,100,60,100,60,120,500,0.7,20.3,,7, 
1061,784,Kommo-o,Kommo-o (1),Dragon,Fighting,75,110,125,100,105,85,600,78.2,160.0,,7, 
1062,801,Magearna,Magearna (Original Color),Steel,Fairy,80,95,115,130,115,65,600,80.5,99.1,,7, 
